"DATE","DATE_NAME","DATE_CODE","DATE_TYPE","DATE_TYPECODE","DATE_SORTORDER","GEOGRAPHY","GEOGRAPHY_NAME","GEOGRAPHY_CODE","GEOGRAPHY_TYPE","GEOGRAPHY_TYPECODE","GEOGRAPHY_SORTORDER","RURAL_URBAN","RURAL_URBAN_NAME","RURAL_URBAN_CODE","RURAL_URBAN_TYPE","RURAL_URBAN_TYPECODE","RURAL_URBAN_SORTORDER","OCCRATBROOM","OCCRATBROOM_NAME","OCCRATBROOM_CODE","OCCRATBROOM_TYPE","OCCRATBROOM_TYPECODE","OCCRATBROOM_SORTORDER","MEASURES","MEASURES_NAME","OBS_VALUE","OBS_STATUS","OBS_STATUS_NAME","OBS_CONF","OBS_CONF_NAME","URN","RECORD_OFFSET","RECORD_COUNT"
"2011","2011","2011","date",0,0,"E02000653","Lewisham 001","E02000653","2011 super output areas - middle layer",297,0,"0","Total","0","2011 rural-urban classification",2000,0,"0","All categories: Occupancy rating bedrooms","UDF@3a@OCCRATBROOM@3a@@20@Occupancy@20@rating@20@@28@bedrooms@29@_@23@@23@va@2e@rcd@2e@rpt@2e@OCCRATBROOM@5f@T006A@2e@RBnNt0pl","Occupancy Rating",1000000,0,"20100","Value",3547,"A","Normal Value","F","Free (free for publication)","Nm-544d1d32176e1d1245708920d0d0d20100",0,216
"2011","2011","2011","date",0,0,"E02000653","Lewisham 001","E02000653","2011 super output areas - middle layer",297,0,"0","Total","0","2011 rural-urban classification",2000,0,"1","Occupancy rating (bedrooms) of +2 or more","UDF@3a@OCCRATBROOM@3a@@20@Occupancy@20@rating@20@@28@bedrooms@29@_Occupancy@20@rating@20@@28@bedrooms@29@@20@of@20@@2b@2@20@or@20@more","Occupancy Rating",1000000,1,"20100","Value",266,"A","Normal Value","F","Free (free for publication)","Nm-544d1d32176e1d1245708920d0d1d20100",1,216
"2011","2011","2011","date",0,0,"E02000653","Lewisham 001","E02000653","2011 super output areas - middle layer",297,0,"0","Total","0","2011 rural-urban classification",2000,0,"2","Occupancy rating (bedrooms) of +1","UDF@3a@OCCRATBROOM@3a@@20@Occupancy@20@rating@20@@28@bedrooms@29@_Occupancy@20@rating@20@@28@bedrooms@29@@20@of@20@@2b@1","Occupancy Rating",1000000,2,"20100","Value",874,"A","Normal Value","F","Free (free for publication)","Nm-544d1d32176e1d1245708920d0d2d20100",2,216
"2011","2011","2011","date",0,0,"E02000653","Lewisham 001","E02000653","2011 super output areas - middle layer",297,0,"0","Total","0","2011 rural-urban classification",2000,0,"3","Occupancy rating (bedrooms) of 0","UDF@3a@OCCRATBROOM@3a@@20@Occupancy@20@rating@20@@28@bedrooms@29@_Occupancy@20@rating@20@@28@bedrooms@29@@20@of@20@0","Occupancy Rating",1000000,3,"20100","Value",1834,"A","Normal Value","F","Free (free for publication)","Nm-544d1d32176e1d1245708920d0d3d20100",3,216
"2011","2011","2011","date",0,0,"E02000653","Lewisham 001","E02000653","2011 super output areas - middle layer",297,0,"0","Total","0","2011 rural-urban classification",2000,0,"4","Occupancy rating (bedrooms) of -1","UDF@3a@OCCRATBROOM@3a@@20@Occupancy@20@rating@20@@28@bedrooms@29@_Occupancy@20@rating@20@@28@bedrooms@29@@20@of@20@-1","Occupancy Rating",1000000,4,"20100","Value",461,"A","Normal Value","F","Free (free for publication)","Nm-544d1d32176e1d1245708920d0d4d20100",4,216
"2011","2011","2011","date",0,0,"E02000653","Lewisham 001","E02000653","2011 super output areas - middle layer",297,0,"0","Total","0","2011 rural-urban classification",2000,0,"5","Occupancy rating (bedrooms) of -2 or less","UDF@3a@OCCRATBROOM@3a@@20@Occupancy@20@rating@20@@28@bedrooms@29@_Occupancy@20@rating@20@@28@bedrooms@29@@20@of@20@-2@20@or@20@less","Occupancy Rating",1000000,5,"20100","Value",112,"A","Normal Value","F","Free (free for publication)","Nm-544d1d32176e1d1245708920d0d5d20100",5,216
"2011","2011","2011","date",0,0,"E02000654","Lewisham 002","E02000654","2011 super output areas - middle layer",297,1,"0","Total","0","2011 rural-urban classification",2000,0,"0","All categories: Occupancy rating bedrooms","UDF@3a@OCCRATBROOM@3a@@20@Occupancy@20@rating@20@@28@bedrooms@29@_@23@@23@va@2e@rcd@2e@rpt@2e@OCCRATBROOM@5f@T006A@2e@RBnNt0pl","Occupancy Rating",1000000,0,"20100","Value",3336,"A","Normal Value","F","Free (free for publication)","Nm-544d1d32176e1d1245708921d0d0d20100",6,216
"2011","2011","2011","date",0,0,"E02000654","Lewisham 002","E02000654","2011 super output areas - middle layer",297,1,"0","Total","0","2011 rural-urban classification",2000,0,"1","Occupancy rating (bedrooms) of +2 or more","UDF@3a@OCCRATBROOM@3a@@20@Occupancy@20@rating@20@@28@bedrooms@29@_Occupancy@20@rating@20@@28@bedrooms@29@@20@of@20@@2b@2@20@or@20@more","Occupancy Rating",1000000,1,"20100","Value",261,"A","Normal Value","F","Free (free for publication)","Nm-544d1d32176e1d1245708921d0d1d20100",7,216
"2011","2011","2011","date",0,0,"E02000654","Lewisham 002","E02000654","2011 super output areas - middle layer",297,1,"0","Total","0","2011 rural-urban classification",2000,0,"2","Occupancy rating (bedrooms) of +1","UDF@3a@OCCRATBROOM@3a@@20@Occupancy@20@rating@20@@28@bedrooms@29@_Occupancy@20@rating@20@@28@bedrooms@29@@20@of@20@@2b@1","Occupancy Rating",1000000,2,"20100","Value",705,"A","Normal Value","F","Free (free for publication)","Nm-544d1d32176e1d1245708921d0d2d20100",8,216
"2011","2011","2011","date",0,0,"E02000654","Lewisham 002","E02000654","2011 super output areas - middle layer",297,1,"0","Total","0","2011 rural-urban classification",2000,0,"3","Occupancy rating (bedrooms) of 0","UDF@3a@OCCRATBROOM@3a@@20@Occupancy@20@rating@20@@28@bedrooms@29@_Occupancy@20@rating@20@@28@bedrooms@29@@20@of@20@0","Occupancy Rating",1000000,3,"20100","Value",1704,"A","Normal Value","F","Free (free for publication)","Nm-544d1d32176e1d1245708921d0d3d20100",9,216
"2011","2011","2011","date",0,0,"E02000654","Lewisham 002","E02000654","2011 super output areas - middle layer",297,1,"0","Total","0","2011 rural-urban classification",2000,0,"4","Occupancy rating (bedrooms) of -1","UDF@3a@OCCRATBROOM@3a@@20@Occupancy@20@rating@20@@28@bedrooms@29@_Occupancy@20@rating@20@@28@bedrooms@29@@20@of@20@-1","Occupancy Rating",1000000,4,"20100","Value",557,"A","Normal Value","F","Free (free for publication)","Nm-544d1d32176e1d1245708921d0d4d20100",10,216
"2011","2011","2011","date",0,0,"E02000654","Lewisham 002","E02000654","2011 super output areas - middle layer",297,1,"0","Total","0","2011 rural-urban classification",2000,0,"5","Occupancy rating (bedrooms) of -2 or less","UDF@3a@OCCRATBROOM@3a@@20@Occupancy@20@rating@20@@28@bedrooms@29@_Occupancy@20@rating@20@@28@bedrooms@29@@20@of@20@-2@20@or@20@less","Occupancy Rating",1000000,5,"20100","Value",109,"A","Normal Value","F","Free (free for publication)","Nm-544d1d32176e1d1245708921d0d5d20100",11,216
"2011","2011","2011","date",0,0,"E02000655","Lewisham 003","E02000655","2011 super output areas - middle layer",297,2,"0","Total","0","2011 rural-urban classification",2000,0,"0","All categories: Occupancy rating bedrooms","UDF@3a@OCCRATBROOM@3a@@20@Occupancy@20@rating@20@@28@bedrooms@29@_@23@@23@va@2e@rcd@2e@rpt@2e@OCCRATBROOM@5f@T006A@2e@RBnNt0pl","Occupancy Rating",1000000,0,"20100","Value",3366,"A","Normal Value","F","Free (free for publication)","Nm-544d1d32176e1d1245708922d0d0d20100",12,216
"2011","2011","2011","date",0,0,"E02000655","Lewisham 003","E02000655","2011 super output areas - middle layer",297,2,"0","Total","0","2011 rural-urban classification",2000,0,"1","Occupancy rating (bedrooms) of +2 or more","UDF@3a@OCCRATBROOM@3a@@20@Occupancy@20@rating@20@@28@bedrooms@29@_Occupancy@20@rating@20@@28@bedrooms@29@@20@of@20@@2b@2@20@or@20@more","Occupancy Rating",1000000,1,"20100","Value",263,"A","Normal Value","F","Free (free for publication)","Nm-544d1d32176e1d1245708922d0d1d20100",13,216
"2011","2011","2011","date",0,0,"E02000655","Lewisham 003","E02000655","2011 super output areas - middle layer",297,2,"0","Total","0","2011 rural-urban classification",2000,0,"2","Occupancy rating (bedrooms) of +1","UDF@3a@OCCRATBROOM@3a@@20@Occupancy@20@rating@20@@28@bedrooms@29@_Occupancy@20@rating@20@@28@bedrooms@29@@20@of@20@@2b@1","Occupancy Rating",1000000,2,"20100","Value",696,"A","Normal Value","F","Free (free for publication)","Nm-544d1d32176e1d1245708922d0d2d20100",14,216
"2011","2011","2011","date",0,0,"E02000655","Lewisham 003","E02000655","2011 super output areas - middle layer",297,2,"0","Total","0","2011 rural-urban classification",2000,0,"3","Occupancy rating (bedrooms) of 0","UDF@3a@OCCRATBROOM@3a@@20@Occupancy@20@rating@20@@28@bedrooms@29@_Occupancy@20@rating@20@@28@bedrooms@29@@20@of@20@0","Occupancy Rating",1000000,3,"20100","Value",1750,"A","Normal Value","F","Free (free for publication)","Nm-544d1d32176e1d1245708922d0d3d20100",15,216
"2011","2011","2011","date",0,0,"E02000655","Lewisham 003","E02000655","2011 super output areas - middle layer",297,2,"0","Total","0","2011 rural-urban classification",2000,0,"4","Occupancy rating (bedrooms) of -1","UDF@3a@OCCRATBROOM@3a@@20@Occupancy@20@rating@20@@28@bedrooms@29@_Occupancy@20@rating@20@@28@bedrooms@29@@20@of@20@-1","Occupancy Rating",1000000,4,"20100","Value",532,"A","Normal Value","F","Free (free for publication)","Nm-544d1d32176e1d1245708922d0d4d20100",16,216
"2011","2011","2011","date",0,0,"E02000655","Lewisham 003","E02000655","2011 super output areas - middle layer",297,2,"0","Total","0","2011 rural-urban classification",2000,0,"5","Occupancy rating (bedrooms) of -2 or less","UDF@3a@OCCRATBROOM@3a@@20@Occupancy@20@rating@20@@28@bedrooms@29@_Occupancy@20@rating@20@@28@bedrooms@29@@20@of@20@-2@20@or@20@less","Occupancy Rating",1000000,5,"20100","Value",125,"A","Normal Value","F","Free (free for publication)","Nm-544d1d32176e1d1245708922d0d5d20100",17,216
"2011","2011","2011","date",0,0,"E02000657","Lewisham 005","E02000657","2011 super output areas - middle layer",297,3,"0","Total","0","2011 rural-urban classification",2000,0,"0","All categories: Occupancy rating bedrooms","UDF@3a@OCCRATBROOM@3a@@20@Occupancy@20@rating@20@@28@bedrooms@29@_@23@@23@va@2e@rcd@2e@rpt@2e@OCCRATBROOM@5f@T006A@2e@RBnNt0pl","Occupancy Rating",1000000,0,"20100","Value",3776,"A","Normal Value","F","Free (free for publication)","Nm-544d1d32176e1d1245708923d0d0d20100",18,216
"2011","2011","2011","date",0,0,"E02000657","Lewisham 005","E02000657","2011 super output areas - middle layer",297,3,"0","Total","0","2011 rural-urban classification",2000,0,"1","Occupancy rating (bedrooms) of +2 or more","UDF@3a@OCCRATBROOM@3a@@20@Occupancy@20@rating@20@@28@bedrooms@29@_Occupancy@20@rating@20@@28@bedrooms@29@@20@of@20@@2b@2@20@or@20@more","Occupancy Rating",1000000,1,"20100","Value",508,"A","Normal Value","F","Free (free for publication)","Nm-544d1d32176e1d1245708923d0d1d20100",19,216
"2011","2011","2011","date",0,0,"E02000657","Lewisham 005","E02000657","2011 super output areas - middle layer",297,3,"0","Total","0","2011 rural-urban classification",2000,0,"2","Occupancy rating (bedrooms) of +1","UDF@3a@OCCRATBROOM@3a@@20@Occupancy@20@rating@20@@28@bedrooms@29@_Occupancy@20@rating@20@@28@bedrooms@29@@20@of@20@@2b@1","Occupancy Rating",1000000,2,"20100","Value",877,"A","Normal Value","F","Free (free for publication)","Nm-544d1d32176e1d1245708923d0d2d20100",20,216
"2011","2011","2011","date",0,0,"E02000657","Lewisham 005","E02000657","2011 super output areas - middle layer",297,3,"0","Total","0","2011 rural-urban classification",2000,0,"3","Occupancy rating (bedrooms) of 0","UDF@3a@OCCRATBROOM@3a@@20@Occupancy@20@rating@20@@28@bedrooms@29@_Occupancy@20@rating@20@@28@bedrooms@29@@20@of@20@0","Occupancy Rating",1000000,3,"20100","Value",1788,"A","Normal Value","F","Free (free for publication)","Nm-544d1d32176e1d1245708923d0d3d20100",21,216
"2011","2011","2011","date",0,0,"E02000657","Lewisham 005","E02000657","2011 super output areas - middle layer",297,3,"0","Total","0","2011 rural-urban classification",2000,0,"4","Occupancy rating (bedrooms) of -1","UDF@3a@OCCRATBROOM@3a@@20@Occupancy@20@rating@20@@28@bedrooms@29@_Occupancy@20@rating@20@@28@bedrooms@29@@20@of@20@-1","Occupancy Rating",1000000,4,"20100","Value",480,"A","Normal Value","F","Free (free for publication)","Nm-544d1d32176e1d1245708923d0d4d20100",22,216
"2011","2011","2011","date",0,0,"E02000657","Lewisham 005","E02000657","2011 super output areas - middle layer",297,3,"0","Total","0","2011 rural-urban classification",2000,0,"5","Occupancy rating (bedrooms) of -2 or less","UDF@3a@OCCRATBROOM@3a@@20@Occupancy@20@rating@20@@28@bedrooms@29@_Occupancy@20@rating@20@@28@bedrooms@29@@20@of@20@-2@20@or@20@less","Occupancy Rating",1000000,5,"20100","Value",123,"A","Normal Value","F","Free (free for publication)","Nm-544d1d32176e1d1245708923d0d5d20100",23,216
"2011","2011","2011","date",0,0,"E02000658","Lewisham 006","E02000658","2011 super output areas - middle layer",297,4,"0","Total","0","2011 rural-urban classification",2000,0,"0","All categories: Occupancy rating bedrooms","UDF@3a@OCCRATBROOM@3a@@20@Occupancy@20@rating@20@@28@bedrooms@29@_@23@@23@va@2e@rcd@2e@rpt@2e@OCCRATBROOM@5f@T006A@2e@RBnNt0pl","Occupancy Rating",1000000,0,"20100","Value",3538,"A","Normal Value","F","Free (free for publication)","Nm-544d1d32176e1d1245708924d0d0d20100",24,216
"2011","2011","2011","date",0,0,"E02000658","Lewisham 006","E02000658","2011 super output areas - middle layer",297,4,"0","Total","0","2011 rural-urban classification",2000,0,"1","Occupancy rating (bedrooms) of +2 or more","UDF@3a@OCCRATBROOM@3a@@20@Occupancy@20@rating@20@@28@bedrooms@29@_Occupancy@20@rating@20@@28@bedrooms@29@@20@of@20@@2b@2@20@or@20@more","Occupancy Rating",1000000,1,"20100","Value",633,"A","Normal Value","F","Free (free for publication)","Nm-544d1d32176e1d1245708924d0d1d20100",25,216
"2011","2011","2011","date",0,0,"E02000658","Lewisham 006","E02000658","2011 super output areas - middle layer",297,4,"0","Total","0","2011 rural-urban classification",2000,0,"2","Occupancy rating (bedrooms) of +1","UDF@3a@OCCRATBROOM@3a@@20@Occupancy@20@rating@20@@28@bedrooms@29@_Occupancy@20@rating@20@@28@bedrooms@29@@20@of@20@@2b@1","Occupancy Rating",1000000,2,"20100","Value",824,"A","Normal Value","F","Free (free for publication)","Nm-544d1d32176e1d1245708924d0d2d20100",26,216
"2011","2011","2011","date",0,0,"E02000658","Lewisham 006","E02000658","2011 super output areas - middle layer",297,4,"0","Total","0","2011 rural-urban classification",2000,0,"3","Occupancy rating (bedrooms) of 0","UDF@3a@OCCRATBROOM@3a@@20@Occupancy@20@rating@20@@28@bedrooms@29@_Occupancy@20@rating@20@@28@bedrooms@29@@20@of@20@0","Occupancy Rating",1000000,3,"20100","Value",1609,"A","Normal Value","F","Free (free for publication)","Nm-544d1d32176e1d1245708924d0d3d20100",27,216
"2011","2011","2011","date",0,0,"E02000658","Lewisham 006","E02000658","2011 super output areas - middle layer",297,4,"0","Total","0","2011 rural-urban classification",2000,0,"4","Occupancy rating (bedrooms) of -1","UDF@3a@OCCRATBROOM@3a@@20@Occupancy@20@rating@20@@28@bedrooms@29@_Occupancy@20@rating@20@@28@bedrooms@29@@20@of@20@-1","Occupancy Rating",1000000,4,"20100","Value",387,"A","Normal Value","F","Free (free for publication)","Nm-544d1d32176e1d1245708924d0d4d20100",28,216
"2011","2011","2011","date",0,0,"E02000658","Lewisham 006","E02000658","2011 super output areas - middle layer",297,4,"0","Total","0","2011 rural-urban classification",2000,0,"5","Occupancy rating (bedrooms) of -2 or less","UDF@3a@OCCRATBROOM@3a@@20@Occupancy@20@rating@20@@28@bedrooms@29@_Occupancy@20@rating@20@@28@bedrooms@29@@20@of@20@-2@20@or@20@less","Occupancy Rating",1000000,5,"20100","Value",85,"A","Normal Value","F","Free (free for publication)","Nm-544d1d32176e1d1245708924d0d5d20100",29,216
"2011","2011","2011","date",0,0,"E02000659","Lewisham 007","E02000659","2011 super output areas - middle layer",297,5,"0","Total","0","2011 rural-urban classification",2000,0,"0","All categories: Occupancy rating bedrooms","UDF@3a@OCCRATBROOM@3a@@20@Occupancy@20@rating@20@@28@bedrooms@29@_@23@@23@va@2e@rcd@2e@rpt@2e@OCCRATBROOM@5f@T006A@2e@RBnNt0pl","Occupancy Rating",1000000,0,"20100","Value",3284,"A","Normal Value","F","Free (free for publication)","Nm-544d1d32176e1d1245708925d0d0d20100",30,216
"2011","2011","2011","date",0,0,"E02000659","Lewisham 007","E02000659","2011 super output areas - middle layer",297,5,"0","Total","0","2011 rural-urban classification",2000,0,"1","Occupancy rating (bedrooms) of +2 or more","UDF@3a@OCCRATBROOM@3a@@20@Occupancy@20@rating@20@@28@bedrooms@29@_Occupancy@20@rating@20@@28@bedrooms@29@@20@of@20@@2b@2@20@or@20@more","Occupancy Rating",1000000,1,"20100","Value",648,"A","Normal Value","F","Free (free for publication)","Nm-544d1d32176e1d1245708925d0d1d20100",31,216
"2011","2011","2011","date",0,0,"E02000659","Lewisham 007","E02000659","2011 super output areas - middle layer",297,5,"0","Total","0","2011 rural-urban classification",2000,0,"2","Occupancy rating (bedrooms) of +1","UDF@3a@OCCRATBROOM@3a@@20@Occupancy@20@rating@20@@28@bedrooms@29@_Occupancy@20@rating@20@@28@bedrooms@29@@20@of@20@@2b@1","Occupancy Rating",1000000,2,"20100","Value",1033,"A","Normal Value","F","Free (free for publication)","Nm-544d1d32176e1d1245708925d0d2d20100",32,216
"2011","2011","2011","date",0,0,"E02000659","Lewisham 007","E02000659","2011 super output areas - middle layer",297,5,"0","Total","0","2011 rural-urban classification",2000,0,"3","Occupancy rating (bedrooms) of 0","UDF@3a@OCCRATBROOM@3a@@20@Occupancy@20@rating@20@@28@bedrooms@29@_Occupancy@20@rating@20@@28@bedrooms@29@@20@of@20@0","Occupancy Rating",1000000,3,"20100","Value",1279,"A","Normal Value","F","Free (free for publication)","Nm-544d1d32176e1d1245708925d0d3d20100",33,216
"2011","2011","2011","date",0,0,"E02000659","Lewisham 007","E02000659","2011 super output areas - middle layer",297,5,"0","Total","0","2011 rural-urban classification",2000,0,"4","Occupancy rating (bedrooms) of -1","UDF@3a@OCCRATBROOM@3a@@20@Occupancy@20@rating@20@@28@bedrooms@29@_Occupancy@20@rating@20@@28@bedrooms@29@@20@of@20@-1","Occupancy Rating",1000000,4,"20100","Value",276,"A","Normal Value","F","Free (free for publication)","Nm-544d1d32176e1d1245708925d0d4d20100",34,216
"2011","2011","2011","date",0,0,"E02000659","Lewisham 007","E02000659","2011 super output areas - middle layer",297,5,"0","Total","0","2011 rural-urban classification",2000,0,"5","Occupancy rating (bedrooms) of -2 or less","UDF@3a@OCCRATBROOM@3a@@20@Occupancy@20@rating@20@@28@bedrooms@29@_Occupancy@20@rating@20@@28@bedrooms@29@@20@of@20@-2@20@or@20@less","Occupancy Rating",1000000,5,"20100","Value",48,"A","Normal Value","F","Free (free for publication)","Nm-544d1d32176e1d1245708925d0d5d20100",35,216
"2011","2011","2011","date",0,0,"E02000660","Lewisham 008","E02000660","2011 super output areas - middle layer",297,6,"0","Total","0","2011 rural-urban classification",2000,0,"0","All categories: Occupancy rating bedrooms","UDF@3a@OCCRATBROOM@3a@@20@Occupancy@20@rating@20@@28@bedrooms@29@_@23@@23@va@2e@rcd@2e@rpt@2e@OCCRATBROOM@5f@T006A@2e@RBnNt0pl","Occupancy Rating",1000000,0,"20100","Value",3659,"A","Normal Value","F","Free (free for publication)","Nm-544d1d32176e1d1245708926d0d0d20100",36,216
"2011","2011","2011","date",0,0,"E02000660","Lewisham 008","E02000660","2011 super output areas - middle layer",297,6,"0","Total","0","2011 rural-urban classification",2000,0,"1","Occupancy rating (bedrooms) of +2 or more","UDF@3a@OCCRATBROOM@3a@@20@Occupancy@20@rating@20@@28@bedrooms@29@_Occupancy@20@rating@20@@28@bedrooms@29@@20@of@20@@2b@2@20@or@20@more","Occupancy Rating",1000000,1,"20100","Value",405,"A","Normal Value","F","Free (free for publication)","Nm-544d1d32176e1d1245708926d0d1d20100",37,216
"2011","2011","2011","date",0,0,"E02000660","Lewisham 008","E02000660","2011 super output areas - middle layer",297,6,"0","Total","0","2011 rural-urban classification",2000,0,"2","Occupancy rating (bedrooms) of +1","UDF@3a@OCCRATBROOM@3a@@20@Occupancy@20@rating@20@@28@bedrooms@29@_Occupancy@20@rating@20@@28@bedrooms@29@@20@of@20@@2b@1","Occupancy Rating",1000000,2,"20100","Value",967,"A","Normal Value","F","Free (free for publication)","Nm-544d1d32176e1d1245708926d0d2d20100",38,216
"2011","2011","2011","date",0,0,"E02000660","Lewisham 008","E02000660","2011 super output areas - middle layer",297,6,"0","Total","0","2011 rural-urban classification",2000,0,"3","Occupancy rating (bedrooms) of 0","UDF@3a@OCCRATBROOM@3a@@20@Occupancy@20@rating@20@@28@bedrooms@29@_Occupancy@20@rating@20@@28@bedrooms@29@@20@of@20@0","Occupancy Rating",1000000,3,"20100","Value",1842,"A","Normal Value","F","Free (free for publication)","Nm-544d1d32176e1d1245708926d0d3d20100",39,216
"2011","2011","2011","date",0,0,"E02000660","Lewisham 008","E02000660","2011 super output areas - middle layer",297,6,"0","Total","0","2011 rural-urban classification",2000,0,"4","Occupancy rating (bedrooms) of -1","UDF@3a@OCCRATBROOM@3a@@20@Occupancy@20@rating@20@@28@bedrooms@29@_Occupancy@20@rating@20@@28@bedrooms@29@@20@of@20@-1","Occupancy Rating",1000000,4,"20100","Value",386,"A","Normal Value","F","Free (free for publication)","Nm-544d1d32176e1d1245708926d0d4d20100",40,216
"2011","2011","2011","date",0,0,"E02000660","Lewisham 008","E02000660","2011 super output areas - middle layer",297,6,"0","Total","0","2011 rural-urban classification",2000,0,"5","Occupancy rating (bedrooms) of -2 or less","UDF@3a@OCCRATBROOM@3a@@20@Occupancy@20@rating@20@@28@bedrooms@29@_Occupancy@20@rating@20@@28@bedrooms@29@@20@of@20@-2@20@or@20@less","Occupancy Rating",1000000,5,"20100","Value",59,"A","Normal Value","F","Free (free for publication)","Nm-544d1d32176e1d1245708926d0d5d20100",41,216
"2011","2011","2011","date",0,0,"E02000661","Lewisham 009","E02000661","2011 super output areas - middle layer",297,7,"0","Total","0","2011 rural-urban classification",2000,0,"0","All categories: Occupancy rating bedrooms","UDF@3a@OCCRATBROOM@3a@@20@Occupancy@20@rating@20@@28@bedrooms@29@_@23@@23@va@2e@rcd@2e@rpt@2e@OCCRATBROOM@5f@T006A@2e@RBnNt0pl","Occupancy Rating",1000000,0,"20100","Value",3139,"A","Normal Value","F","Free (free for publication)","Nm-544d1d32176e1d1245708927d0d0d20100",42,216
"2011","2011","2011","date",0,0,"E02000661","Lewisham 009","E02000661","2011 super output areas - middle layer",297,7,"0","Total","0","2011 rural-urban classification",2000,0,"1","Occupancy rating (bedrooms) of +2 or more","UDF@3a@OCCRATBROOM@3a@@20@Occupancy@20@rating@20@@28@bedrooms@29@_Occupancy@20@rating@20@@28@bedrooms@29@@20@of@20@@2b@2@20@or@20@more","Occupancy Rating",1000000,1,"20100","Value",694,"A","Normal Value","F","Free (free for publication)","Nm-544d1d32176e1d1245708927d0d1d20100",43,216
"2011","2011","2011","date",0,0,"E02000661","Lewisham 009","E02000661","2011 super output areas - middle layer",297,7,"0","Total","0","2011 rural-urban classification",2000,0,"2","Occupancy rating (bedrooms) of +1","UDF@3a@OCCRATBROOM@3a@@20@Occupancy@20@rating@20@@28@bedrooms@29@_Occupancy@20@rating@20@@28@bedrooms@29@@20@of@20@@2b@1","Occupancy Rating",1000000,2,"20100","Value",988,"A","Normal Value","F","Free (free for publication)","Nm-544d1d32176e1d1245708927d0d2d20100",44,216
"2011","2011","2011","date",0,0,"E02000661","Lewisham 009","E02000661","2011 super output areas - middle layer",297,7,"0","Total","0","2011 rural-urban classification",2000,0,"3","Occupancy rating (bedrooms) of 0","UDF@3a@OCCRATBROOM@3a@@20@Occupancy@20@rating@20@@28@bedrooms@29@_Occupancy@20@rating@20@@28@bedrooms@29@@20@of@20@0","Occupancy Rating",1000000,3,"20100","Value",1258,"A","Normal Value","F","Free (free for publication)","Nm-544d1d32176e1d1245708927d0d3d20100",45,216
"2011","2011","2011","date",0,0,"E02000661","Lewisham 009","E02000661","2011 super output areas - middle layer",297,7,"0","Total","0","2011 rural-urban classification",2000,0,"4","Occupancy rating (bedrooms) of -1","UDF@3a@OCCRATBROOM@3a@@20@Occupancy@20@rating@20@@28@bedrooms@29@_Occupancy@20@rating@20@@28@bedrooms@29@@20@of@20@-1","Occupancy Rating",1000000,4,"20100","Value",174,"A","Normal Value","F","Free (free for publication)","Nm-544d1d32176e1d1245708927d0d4d20100",46,216
"2011","2011","2011","date",0,0,"E02000661","Lewisham 009","E02000661","2011 super output areas - middle layer",297,7,"0","Total","0","2011 rural-urban classification",2000,0,"5","Occupancy rating (bedrooms) of -2 or less","UDF@3a@OCCRATBROOM@3a@@20@Occupancy@20@rating@20@@28@bedrooms@29@_Occupancy@20@rating@20@@28@bedrooms@29@@20@of@20@-2@20@or@20@less","Occupancy Rating",1000000,5,"20100","Value",25,"A","Normal Value","F","Free (free for publication)","Nm-544d1d32176e1d1245708927d0d5d20100",47,216
"2011","2011","2011","date",0,0,"E02000662","Lewisham 010","E02000662","2011 super output areas - middle layer",297,8,"0","Total","0","2011 rural-urban classification",2000,0,"0","All categories: Occupancy rating bedrooms","UDF@3a@OCCRATBROOM@3a@@20@Occupancy@20@rating@20@@28@bedrooms@29@_@23@@23@va@2e@rcd@2e@rpt@2e@OCCRATBROOM@5f@T006A@2e@RBnNt0pl","Occupancy Rating",1000000,0,"20100","Value",3317,"A","Normal Value","F","Free (free for publication)","Nm-544d1d32176e1d1245708928d0d0d20100",48,216
"2011","2011","2011","date",0,0,"E02000662","Lewisham 010","E02000662","2011 super output areas - middle layer",297,8,"0","Total","0","2011 rural-urban classification",2000,0,"1","Occupancy rating (bedrooms) of +2 or more","UDF@3a@OCCRATBROOM@3a@@20@Occupancy@20@rating@20@@28@bedrooms@29@_Occupancy@20@rating@20@@28@bedrooms@29@@20@of@20@@2b@2@20@or@20@more","Occupancy Rating",1000000,1,"20100","Value",440,"A","Normal Value","F","Free (free for publication)","Nm-544d1d32176e1d1245708928d0d1d20100",49,216
"2011","2011","2011","date",0,0,"E02000662","Lewisham 010","E02000662","2011 super output areas - middle layer",297,8,"0","Total","0","2011 rural-urban classification",2000,0,"2","Occupancy rating (bedrooms) of +1","UDF@3a@OCCRATBROOM@3a@@20@Occupancy@20@rating@20@@28@bedrooms@29@_Occupancy@20@rating@20@@28@bedrooms@29@@20@of@20@@2b@1","Occupancy Rating",1000000,2,"20100","Value",877,"A","Normal Value","F","Free (free for publication)","Nm-544d1d32176e1d1245708928d0d2d20100",50,216
"2011","2011","2011","date",0,0,"E02000662","Lewisham 010","E02000662","2011 super output areas - middle layer",297,8,"0","Total","0","2011 rural-urban classification",2000,0,"3","Occupancy rating (bedrooms) of 0","UDF@3a@OCCRATBROOM@3a@@20@Occupancy@20@rating@20@@28@bedrooms@29@_Occupancy@20@rating@20@@28@bedrooms@29@@20@of@20@0","Occupancy Rating",1000000,3,"20100","Value",1559,"A","Normal Value","F","Free (free for publication)","Nm-544d1d32176e1d1245708928d0d3d20100",51,216
"2011","2011","2011","date",0,0,"E02000662","Lewisham 010","E02000662","2011 super output areas - middle layer",297,8,"0","Total","0","2011 rural-urban classification",2000,0,"4","Occupancy rating (bedrooms) of -1","UDF@3a@OCCRATBROOM@3a@@20@Occupancy@20@rating@20@@28@bedrooms@29@_Occupancy@20@rating@20@@28@bedrooms@29@@20@of@20@-1","Occupancy Rating",1000000,4,"20100","Value",385,"A","Normal Value","F","Free (free for publication)","Nm-544d1d32176e1d1245708928d0d4d20100",52,216
"2011","2011","2011","date",0,0,"E02000662","Lewisham 010","E02000662","2011 super output areas - middle layer",297,8,"0","Total","0","2011 rural-urban classification",2000,0,"5","Occupancy rating (bedrooms) of -2 or less","UDF@3a@OCCRATBROOM@3a@@20@Occupancy@20@rating@20@@28@bedrooms@29@_Occupancy@20@rating@20@@28@bedrooms@29@@20@of@20@-2@20@or@20@less","Occupancy Rating",1000000,5,"20100","Value",56,"A","Normal Value","F","Free (free for publication)","Nm-544d1d32176e1d1245708928d0d5d20100",53,216
"2011","2011","2011","date",0,0,"E02000663","Lewisham 011","E02000663","2011 super output areas - middle layer",297,9,"0","Total","0","2011 rural-urban classification",2000,0,"0","All categories: Occupancy rating bedrooms","UDF@3a@OCCRATBROOM@3a@@20@Occupancy@20@rating@20@@28@bedrooms@29@_@23@@23@va@2e@rcd@2e@rpt@2e@OCCRATBROOM@5f@T006A@2e@RBnNt0pl","Occupancy Rating",1000000,0,"20100","Value",2903,"A","Normal Value","F","Free (free for publication)","Nm-544d1d32176e1d1245708929d0d0d20100",54,216
"2011","2011","2011","date",0,0,"E02000663","Lewisham 011","E02000663","2011 super output areas - middle layer",297,9,"0","Total","0","2011 rural-urban classification",2000,0,"1","Occupancy rating (bedrooms) of +2 or more","UDF@3a@OCCRATBROOM@3a@@20@Occupancy@20@rating@20@@28@bedrooms@29@_Occupancy@20@rating@20@@28@bedrooms@29@@20@of@20@@2b@2@20@or@20@more","Occupancy Rating",1000000,1,"20100","Value",619,"A","Normal Value","F","Free (free for publication)","Nm-544d1d32176e1d1245708929d0d1d20100",55,216
"2011","2011","2011","date",0,0,"E02000663","Lewisham 011","E02000663","2011 super output areas - middle layer",297,9,"0","Total","0","2011 rural-urban classification",2000,0,"2","Occupancy rating (bedrooms) of +1","UDF@3a@OCCRATBROOM@3a@@20@Occupancy@20@rating@20@@28@bedrooms@29@_Occupancy@20@rating@20@@28@bedrooms@29@@20@of@20@@2b@1","Occupancy Rating",1000000,2,"20100","Value",777,"A","Normal Value","F","Free (free for publication)","Nm-544d1d32176e1d1245708929d0d2d20100",56,216
"2011","2011","2011","date",0,0,"E02000663","Lewisham 011","E02000663","2011 super output areas - middle layer",297,9,"0","Total","0","2011 rural-urban classification",2000,0,"3","Occupancy rating (bedrooms) of 0","UDF@3a@OCCRATBROOM@3a@@20@Occupancy@20@rating@20@@28@bedrooms@29@_Occupancy@20@rating@20@@28@bedrooms@29@@20@of@20@0","Occupancy Rating",1000000,3,"20100","Value",1083,"A","Normal Value","F","Free (free for publication)","Nm-544d1d32176e1d1245708929d0d3d20100",57,216
"2011","2011","2011","date",0,0,"E02000663","Lewisham 011","E02000663","2011 super output areas - middle layer",297,9,"0","Total","0","2011 rural-urban classification",2000,0,"4","Occupancy rating (bedrooms) of -1","UDF@3a@OCCRATBROOM@3a@@20@Occupancy@20@rating@20@@28@bedrooms@29@_Occupancy@20@rating@20@@28@bedrooms@29@@20@of@20@-1","Occupancy Rating",1000000,4,"20100","Value",352,"A","Normal Value","F","Free (free for publication)","Nm-544d1d32176e1d1245708929d0d4d20100",58,216
"2011","2011","2011","date",0,0,"E02000663","Lewisham 011","E02000663","2011 super output areas - middle layer",297,9,"0","Total","0","2011 rural-urban classification",2000,0,"5","Occupancy rating (bedrooms) of -2 or less","UDF@3a@OCCRATBROOM@3a@@20@Occupancy@20@rating@20@@28@bedrooms@29@_Occupancy@20@rating@20@@28@bedrooms@29@@20@of@20@-2@20@or@20@less","Occupancy Rating",1000000,5,"20100","Value",72,"A","Normal Value","F","Free (free for publication)","Nm-544d1d32176e1d1245708929d0d5d20100",59,216
"2011","2011","2011","date",0,0,"E02000664","Lewisham 012","E02000664","2011 super output areas - middle layer",297,10,"0","Total","0","2011 rural-urban classification",2000,0,"0","All categories: Occupancy rating bedrooms","UDF@3a@OCCRATBROOM@3a@@20@Occupancy@20@rating@20@@28@bedrooms@29@_@23@@23@va@2e@rcd@2e@rpt@2e@OCCRATBROOM@5f@T006A@2e@RBnNt0pl","Occupancy Rating",1000000,0,"20100","Value",4452,"A","Normal Value","F","Free (free for publication)","Nm-544d1d32176e1d1245708930d0d0d20100",60,216
"2011","2011","2011","date",0,0,"E02000664","Lewisham 012","E02000664","2011 super output areas - middle layer",297,10,"0","Total","0","2011 rural-urban classification",2000,0,"1","Occupancy rating (bedrooms) of +2 or more","UDF@3a@OCCRATBROOM@3a@@20@Occupancy@20@rating@20@@28@bedrooms@29@_Occupancy@20@rating@20@@28@bedrooms@29@@20@of@20@@2b@2@20@or@20@more","Occupancy Rating",1000000,1,"20100","Value",460,"A","Normal Value","F","Free (free for publication)","Nm-544d1d32176e1d1245708930d0d1d20100",61,216
"2011","2011","2011","date",0,0,"E02000664","Lewisham 012","E02000664","2011 super output areas - middle layer",297,10,"0","Total","0","2011 rural-urban classification",2000,0,"2","Occupancy rating (bedrooms) of +1","UDF@3a@OCCRATBROOM@3a@@20@Occupancy@20@rating@20@@28@bedrooms@29@_Occupancy@20@rating@20@@28@bedrooms@29@@20@of@20@@2b@1","Occupancy Rating",1000000,2,"20100","Value",986,"A","Normal Value","F","Free (free for publication)","Nm-544d1d32176e1d1245708930d0d2d20100",62,216
"2011","2011","2011","date",0,0,"E02000664","Lewisham 012","E02000664","2011 super output areas - middle layer",297,10,"0","Total","0","2011 rural-urban classification",2000,0,"3","Occupancy rating (bedrooms) of 0","UDF@3a@OCCRATBROOM@3a@@20@Occupancy@20@rating@20@@28@bedrooms@29@_Occupancy@20@rating@20@@28@bedrooms@29@@20@of@20@0","Occupancy Rating",1000000,3,"20100","Value",2344,"A","Normal Value","F","Free (free for publication)","Nm-544d1d32176e1d1245708930d0d3d20100",63,216
"2011","2011","2011","date",0,0,"E02000664","Lewisham 012","E02000664","2011 super output areas - middle layer",297,10,"0","Total","0","2011 rural-urban classification",2000,0,"4","Occupancy rating (bedrooms) of -1","UDF@3a@OCCRATBROOM@3a@@20@Occupancy@20@rating@20@@28@bedrooms@29@_Occupancy@20@rating@20@@28@bedrooms@29@@20@of@20@-1","Occupancy Rating",1000000,4,"20100","Value",521,"A","Normal Value","F","Free (free for publication)","Nm-544d1d32176e1d1245708930d0d4d20100",64,216
"2011","2011","2011","date",0,0,"E02000664","Lewisham 012","E02000664","2011 super output areas - middle layer",297,10,"0","Total","0","2011 rural-urban classification",2000,0,"5","Occupancy rating (bedrooms) of -2 or less","UDF@3a@OCCRATBROOM@3a@@20@Occupancy@20@rating@20@@28@bedrooms@29@_Occupancy@20@rating@20@@28@bedrooms@29@@20@of@20@-2@20@or@20@less","Occupancy Rating",1000000,5,"20100","Value",141,"A","Normal Value","F","Free (free for publication)","Nm-544d1d32176e1d1245708930d0d5d20100",65,216
"2011","2011","2011","date",0,0,"E02000665","Lewisham 013","E02000665","2011 super output areas - middle layer",297,11,"0","Total","0","2011 rural-urban classification",2000,0,"0","All categories: Occupancy rating bedrooms","UDF@3a@OCCRATBROOM@3a@@20@Occupancy@20@rating@20@@28@bedrooms@29@_@23@@23@va@2e@rcd@2e@rpt@2e@OCCRATBROOM@5f@T006A@2e@RBnNt0pl","Occupancy Rating",1000000,0,"20100","Value",3504,"A","Normal Value","F","Free (free for publication)","Nm-544d1d32176e1d1245708931d0d0d20100",66,216
"2011","2011","2011","date",0,0,"E02000665","Lewisham 013","E02000665","2011 super output areas - middle layer",297,11,"0","Total","0","2011 rural-urban classification",2000,0,"1","Occupancy rating (bedrooms) of +2 or more","UDF@3a@OCCRATBROOM@3a@@20@Occupancy@20@rating@20@@28@bedrooms@29@_Occupancy@20@rating@20@@28@bedrooms@29@@20@of@20@@2b@2@20@or@20@more","Occupancy Rating",1000000,1,"20100","Value",700,"A","Normal Value","F","Free (free for publication)","Nm-544d1d32176e1d1245708931d0d1d20100",67,216
"2011","2011","2011","date",0,0,"E02000665","Lewisham 013","E02000665","2011 super output areas - middle layer",297,11,"0","Total","0","2011 rural-urban classification",2000,0,"2","Occupancy rating (bedrooms) of +1","UDF@3a@OCCRATBROOM@3a@@20@Occupancy@20@rating@20@@28@bedrooms@29@_Occupancy@20@rating@20@@28@bedrooms@29@@20@of@20@@2b@1","Occupancy Rating",1000000,2,"20100","Value",1013,"A","Normal Value","F","Free (free for publication)","Nm-544d1d32176e1d1245708931d0d2d20100",68,216
"2011","2011","2011","date",0,0,"E02000665","Lewisham 013","E02000665","2011 super output areas - middle layer",297,11,"0","Total","0","2011 rural-urban classification",2000,0,"3","Occupancy rating (bedrooms) of 0","UDF@3a@OCCRATBROOM@3a@@20@Occupancy@20@rating@20@@28@bedrooms@29@_Occupancy@20@rating@20@@28@bedrooms@29@@20@of@20@0","Occupancy Rating",1000000,3,"20100","Value",1442,"A","Normal Value","F","Free (free for publication)","Nm-544d1d32176e1d1245708931d0d3d20100",69,216
"2011","2011","2011","date",0,0,"E02000665","Lewisham 013","E02000665","2011 super output areas - middle layer",297,11,"0","Total","0","2011 rural-urban classification",2000,0,"4","Occupancy rating (bedrooms) of -1","UDF@3a@OCCRATBROOM@3a@@20@Occupancy@20@rating@20@@28@bedrooms@29@_Occupancy@20@rating@20@@28@bedrooms@29@@20@of@20@-1","Occupancy Rating",1000000,4,"20100","Value",260,"A","Normal Value","F","Free (free for publication)","Nm-544d1d32176e1d1245708931d0d4d20100",70,216
"2011","2011","2011","date",0,0,"E02000665","Lewisham 013","E02000665","2011 super output areas - middle layer",297,11,"0","Total","0","2011 rural-urban classification",2000,0,"5","Occupancy rating (bedrooms) of -2 or less","UDF@3a@OCCRATBROOM@3a@@20@Occupancy@20@rating@20@@28@bedrooms@29@_Occupancy@20@rating@20@@28@bedrooms@29@@20@of@20@-2@20@or@20@less","Occupancy Rating",1000000,5,"20100","Value",89,"A","Normal Value","F","Free (free for publication)","Nm-544d1d32176e1d1245708931d0d5d20100",71,216
"2011","2011","2011","date",0,0,"E02000666","Lewisham 014","E02000666","2011 super output areas - middle layer",297,12,"0","Total","0","2011 rural-urban classification",2000,0,"0","All categories: Occupancy rating bedrooms","UDF@3a@OCCRATBROOM@3a@@20@Occupancy@20@rating@20@@28@bedrooms@29@_@23@@23@va@2e@rcd@2e@rpt@2e@OCCRATBROOM@5f@T006A@2e@RBnNt0pl","Occupancy Rating",1000000,0,"20100","Value",2859,"A","Normal Value","F","Free (free for publication)","Nm-544d1d32176e1d1245708932d0d0d20100",72,216
"2011","2011","2011","date",0,0,"E02000666","Lewisham 014","E02000666","2011 super output areas - middle layer",297,12,"0","Total","0","2011 rural-urban classification",2000,0,"1","Occupancy rating (bedrooms) of +2 or more","UDF@3a@OCCRATBROOM@3a@@20@Occupancy@20@rating@20@@28@bedrooms@29@_Occupancy@20@rating@20@@28@bedrooms@29@@20@of@20@@2b@2@20@or@20@more","Occupancy Rating",1000000,1,"20100","Value",620,"A","Normal Value","F","Free (free for publication)","Nm-544d1d32176e1d1245708932d0d1d20100",73,216
"2011","2011","2011","date",0,0,"E02000666","Lewisham 014","E02000666","2011 super output areas - middle layer",297,12,"0","Total","0","2011 rural-urban classification",2000,0,"2","Occupancy rating (bedrooms) of +1","UDF@3a@OCCRATBROOM@3a@@20@Occupancy@20@rating@20@@28@bedrooms@29@_Occupancy@20@rating@20@@28@bedrooms@29@@20@of@20@@2b@1","Occupancy Rating",1000000,2,"20100","Value",805,"A","Normal Value","F","Free (free for publication)","Nm-544d1d32176e1d1245708932d0d2d20100",74,216
"2011","2011","2011","date",0,0,"E02000666","Lewisham 014","E02000666","2011 super output areas - middle layer",297,12,"0","Total","0","2011 rural-urban classification",2000,0,"3","Occupancy rating (bedrooms) of 0","UDF@3a@OCCRATBROOM@3a@@20@Occupancy@20@rating@20@@28@bedrooms@29@_Occupancy@20@rating@20@@28@bedrooms@29@@20@of@20@0","Occupancy Rating",1000000,3,"20100","Value",1091,"A","Normal Value","F","Free (free for publication)","Nm-544d1d32176e1d1245708932d0d3d20100",75,216
"2011","2011","2011","date",0,0,"E02000666","Lewisham 014","E02000666","2011 super output areas - middle layer",297,12,"0","Total","0","2011 rural-urban classification",2000,0,"4","Occupancy rating (bedrooms) of -1","UDF@3a@OCCRATBROOM@3a@@20@Occupancy@20@rating@20@@28@bedrooms@29@_Occupancy@20@rating@20@@28@bedrooms@29@@20@of@20@-1","Occupancy Rating",1000000,4,"20100","Value",275,"A","Normal Value","F","Free (free for publication)","Nm-544d1d32176e1d1245708932d0d4d20100",76,216
"2011","2011","2011","date",0,0,"E02000666","Lewisham 014","E02000666","2011 super output areas - middle layer",297,12,"0","Total","0","2011 rural-urban classification",2000,0,"5","Occupancy rating (bedrooms) of -2 or less","UDF@3a@OCCRATBROOM@3a@@20@Occupancy@20@rating@20@@28@bedrooms@29@_Occupancy@20@rating@20@@28@bedrooms@29@@20@of@20@-2@20@or@20@less","Occupancy Rating",1000000,5,"20100","Value",68,"A","Normal Value","F","Free (free for publication)","Nm-544d1d32176e1d1245708932d0d5d20100",77,216
"2011","2011","2011","date",0,0,"E02000667","Lewisham 015","E02000667","2011 super output areas - middle layer",297,13,"0","Total","0","2011 rural-urban classification",2000,0,"0","All categories: Occupancy rating bedrooms","UDF@3a@OCCRATBROOM@3a@@20@Occupancy@20@rating@20@@28@bedrooms@29@_@23@@23@va@2e@rcd@2e@rpt@2e@OCCRATBROOM@5f@T006A@2e@RBnNt0pl","Occupancy Rating",1000000,0,"20100","Value",2595,"A","Normal Value","F","Free (free for publication)","Nm-544d1d32176e1d1245708933d0d0d20100",78,216
"2011","2011","2011","date",0,0,"E02000667","Lewisham 015","E02000667","2011 super output areas - middle layer",297,13,"0","Total","0","2011 rural-urban classification",2000,0,"1","Occupancy rating (bedrooms) of +2 or more","UDF@3a@OCCRATBROOM@3a@@20@Occupancy@20@rating@20@@28@bedrooms@29@_Occupancy@20@rating@20@@28@bedrooms@29@@20@of@20@@2b@2@20@or@20@more","Occupancy Rating",1000000,1,"20100","Value",757,"A","Normal Value","F","Free (free for publication)","Nm-544d1d32176e1d1245708933d0d1d20100",79,216
"2011","2011","2011","date",0,0,"E02000667","Lewisham 015","E02000667","2011 super output areas - middle layer",297,13,"0","Total","0","2011 rural-urban classification",2000,0,"2","Occupancy rating (bedrooms) of +1","UDF@3a@OCCRATBROOM@3a@@20@Occupancy@20@rating@20@@28@bedrooms@29@_Occupancy@20@rating@20@@28@bedrooms@29@@20@of@20@@2b@1","Occupancy Rating",1000000,2,"20100","Value",884,"A","Normal Value","F","Free (free for publication)","Nm-544d1d32176e1d1245708933d0d2d20100",80,216
"2011","2011","2011","date",0,0,"E02000667","Lewisham 015","E02000667","2011 super output areas - middle layer",297,13,"0","Total","0","2011 rural-urban classification",2000,0,"3","Occupancy rating (bedrooms) of 0","UDF@3a@OCCRATBROOM@3a@@20@Occupancy@20@rating@20@@28@bedrooms@29@_Occupancy@20@rating@20@@28@bedrooms@29@@20@of@20@0","Occupancy Rating",1000000,3,"20100","Value",754,"A","Normal Value","F","Free (free for publication)","Nm-544d1d32176e1d1245708933d0d3d20100",81,216
"2011","2011","2011","date",0,0,"E02000667","Lewisham 015","E02000667","2011 super output areas - middle layer",297,13,"0","Total","0","2011 rural-urban classification",2000,0,"4","Occupancy rating (bedrooms) of -1","UDF@3a@OCCRATBROOM@3a@@20@Occupancy@20@rating@20@@28@bedrooms@29@_Occupancy@20@rating@20@@28@bedrooms@29@@20@of@20@-1","Occupancy Rating",1000000,4,"20100","Value",165,"A","Normal Value","F","Free (free for publication)","Nm-544d1d32176e1d1245708933d0d4d20100",82,216
"2011","2011","2011","date",0,0,"E02000667","Lewisham 015","E02000667","2011 super output areas - middle layer",297,13,"0","Total","0","2011 rural-urban classification",2000,0,"5","Occupancy rating (bedrooms) of -2 or less","UDF@3a@OCCRATBROOM@3a@@20@Occupancy@20@rating@20@@28@bedrooms@29@_Occupancy@20@rating@20@@28@bedrooms@29@@20@of@20@-2@20@or@20@less","Occupancy Rating",1000000,5,"20100","Value",35,"A","Normal Value","F","Free (free for publication)","Nm-544d1d32176e1d1245708933d0d5d20100",83,216
"2011","2011","2011","date",0,0,"E02000668","Lewisham 016","E02000668","2011 super output areas - middle layer",297,14,"0","Total","0","2011 rural-urban classification",2000,0,"0","All categories: Occupancy rating bedrooms","UDF@3a@OCCRATBROOM@3a@@20@Occupancy@20@rating@20@@28@bedrooms@29@_@23@@23@va@2e@rcd@2e@rpt@2e@OCCRATBROOM@5f@T006A@2e@RBnNt0pl","Occupancy Rating",1000000,0,"20100","Value",2816,"A","Normal Value","F","Free (free for publication)","Nm-544d1d32176e1d1245708934d0d0d20100",84,216
"2011","2011","2011","date",0,0,"E02000668","Lewisham 016","E02000668","2011 super output areas - middle layer",297,14,"0","Total","0","2011 rural-urban classification",2000,0,"1","Occupancy rating (bedrooms) of +2 or more","UDF@3a@OCCRATBROOM@3a@@20@Occupancy@20@rating@20@@28@bedrooms@29@_Occupancy@20@rating@20@@28@bedrooms@29@@20@of@20@@2b@2@20@or@20@more","Occupancy Rating",1000000,1,"20100","Value",856,"A","Normal Value","F","Free (free for publication)","Nm-544d1d32176e1d1245708934d0d1d20100",85,216
"2011","2011","2011","date",0,0,"E02000668","Lewisham 016","E02000668","2011 super output areas - middle layer",297,14,"0","Total","0","2011 rural-urban classification",2000,0,"2","Occupancy rating (bedrooms) of +1","UDF@3a@OCCRATBROOM@3a@@20@Occupancy@20@rating@20@@28@bedrooms@29@_Occupancy@20@rating@20@@28@bedrooms@29@@20@of@20@@2b@1","Occupancy Rating",1000000,2,"20100","Value",932,"A","Normal Value","F","Free (free for publication)","Nm-544d1d32176e1d1245708934d0d2d20100",86,216
"2011","2011","2011","date",0,0,"E02000668","Lewisham 016","E02000668","2011 super output areas - middle layer",297,14,"0","Total","0","2011 rural-urban classification",2000,0,"3","Occupancy rating (bedrooms) of 0","UDF@3a@OCCRATBROOM@3a@@20@Occupancy@20@rating@20@@28@bedrooms@29@_Occupancy@20@rating@20@@28@bedrooms@29@@20@of@20@0","Occupancy Rating",1000000,3,"20100","Value",835,"A","Normal Value","F","Free (free for publication)","Nm-544d1d32176e1d1245708934d0d3d20100",87,216
"2011","2011","2011","date",0,0,"E02000668","Lewisham 016","E02000668","2011 super output areas - middle layer",297,14,"0","Total","0","2011 rural-urban classification",2000,0,"4","Occupancy rating (bedrooms) of -1","UDF@3a@OCCRATBROOM@3a@@20@Occupancy@20@rating@20@@28@bedrooms@29@_Occupancy@20@rating@20@@28@bedrooms@29@@20@of@20@-1","Occupancy Rating",1000000,4,"20100","Value",161,"A","Normal Value","F","Free (free for publication)","Nm-544d1d32176e1d1245708934d0d4d20100",88,216
"2011","2011","2011","date",0,0,"E02000668","Lewisham 016","E02000668","2011 super output areas - middle layer",297,14,"0","Total","0","2011 rural-urban classification",2000,0,"5","Occupancy rating (bedrooms) of -2 or less","UDF@3a@OCCRATBROOM@3a@@20@Occupancy@20@rating@20@@28@bedrooms@29@_Occupancy@20@rating@20@@28@bedrooms@29@@20@of@20@-2@20@or@20@less","Occupancy Rating",1000000,5,"20100","Value",32,"A","Normal Value","F","Free (free for publication)","Nm-544d1d32176e1d1245708934d0d5d20100",89,216
"2011","2011","2011","date",0,0,"E02000669","Lewisham 017","E02000669","2011 super output areas - middle layer",297,15,"0","Total","0","2011 rural-urban classification",2000,0,"0","All categories: Occupancy rating bedrooms","UDF@3a@OCCRATBROOM@3a@@20@Occupancy@20@rating@20@@28@bedrooms@29@_@23@@23@va@2e@rcd@2e@rpt@2e@OCCRATBROOM@5f@T006A@2e@RBnNt0pl","Occupancy Rating",1000000,0,"20100","Value",3270,"A","Normal Value","F","Free (free for publication)","Nm-544d1d32176e1d1245708935d0d0d20100",90,216
"2011","2011","2011","date",0,0,"E02000669","Lewisham 017","E02000669","2011 super output areas - middle layer",297,15,"0","Total","0","2011 rural-urban classification",2000,0,"1","Occupancy rating (bedrooms) of +2 or more","UDF@3a@OCCRATBROOM@3a@@20@Occupancy@20@rating@20@@28@bedrooms@29@_Occupancy@20@rating@20@@28@bedrooms@29@@20@of@20@@2b@2@20@or@20@more","Occupancy Rating",1000000,1,"20100","Value",475,"A","Normal Value","F","Free (free for publication)","Nm-544d1d32176e1d1245708935d0d1d20100",91,216
"2011","2011","2011","date",0,0,"E02000669","Lewisham 017","E02000669","2011 super output areas - middle layer",297,15,"0","Total","0","2011 rural-urban classification",2000,0,"2","Occupancy rating (bedrooms) of +1","UDF@3a@OCCRATBROOM@3a@@20@Occupancy@20@rating@20@@28@bedrooms@29@_Occupancy@20@rating@20@@28@bedrooms@29@@20@of@20@@2b@1","Occupancy Rating",1000000,2,"20100","Value",973,"A","Normal Value","F","Free (free for publication)","Nm-544d1d32176e1d1245708935d0d2d20100",92,216
"2011","2011","2011","date",0,0,"E02000669","Lewisham 017","E02000669","2011 super output areas - middle layer",297,15,"0","Total","0","2011 rural-urban classification",2000,0,"3","Occupancy rating (bedrooms) of 0","UDF@3a@OCCRATBROOM@3a@@20@Occupancy@20@rating@20@@28@bedrooms@29@_Occupancy@20@rating@20@@28@bedrooms@29@@20@of@20@0","Occupancy Rating",1000000,3,"20100","Value",1370,"A","Normal Value","F","Free (free for publication)","Nm-544d1d32176e1d1245708935d0d3d20100",93,216
"2011","2011","2011","date",0,0,"E02000669","Lewisham 017","E02000669","2011 super output areas - middle layer",297,15,"0","Total","0","2011 rural-urban classification",2000,0,"4","Occupancy rating (bedrooms) of -1","UDF@3a@OCCRATBROOM@3a@@20@Occupancy@20@rating@20@@28@bedrooms@29@_Occupancy@20@rating@20@@28@bedrooms@29@@20@of@20@-1","Occupancy Rating",1000000,4,"20100","Value",369,"A","Normal Value","F","Free (free for publication)","Nm-544d1d32176e1d1245708935d0d4d20100",94,216
"2011","2011","2011","date",0,0,"E02000669","Lewisham 017","E02000669","2011 super output areas - middle layer",297,15,"0","Total","0","2011 rural-urban classification",2000,0,"5","Occupancy rating (bedrooms) of -2 or less","UDF@3a@OCCRATBROOM@3a@@20@Occupancy@20@rating@20@@28@bedrooms@29@_Occupancy@20@rating@20@@28@bedrooms@29@@20@of@20@-2@20@or@20@less","Occupancy Rating",1000000,5,"20100","Value",83,"A","Normal Value","F","Free (free for publication)","Nm-544d1d32176e1d1245708935d0d5d20100",95,216
"2011","2011","2011","date",0,0,"E02000670","Lewisham 018","E02000670","2011 super output areas - middle layer",297,16,"0","Total","0","2011 rural-urban classification",2000,0,"0","All categories: Occupancy rating bedrooms","UDF@3a@OCCRATBROOM@3a@@20@Occupancy@20@rating@20@@28@bedrooms@29@_@23@@23@va@2e@rcd@2e@rpt@2e@OCCRATBROOM@5f@T006A@2e@RBnNt0pl","Occupancy Rating",1000000,0,"20100","Value",2748,"A","Normal Value","F","Free (free for publication)","Nm-544d1d32176e1d1245708936d0d0d20100",96,216
"2011","2011","2011","date",0,0,"E02000670","Lewisham 018","E02000670","2011 super output areas - middle layer",297,16,"0","Total","0","2011 rural-urban classification",2000,0,"1","Occupancy rating (bedrooms) of +2 or more","UDF@3a@OCCRATBROOM@3a@@20@Occupancy@20@rating@20@@28@bedrooms@29@_Occupancy@20@rating@20@@28@bedrooms@29@@20@of@20@@2b@2@20@or@20@more","Occupancy Rating",1000000,1,"20100","Value",403,"A","Normal Value","F","Free (free for publication)","Nm-544d1d32176e1d1245708936d0d1d20100",97,216
"2011","2011","2011","date",0,0,"E02000670","Lewisham 018","E02000670","2011 super output areas - middle layer",297,16,"0","Total","0","2011 rural-urban classification",2000,0,"2","Occupancy rating (bedrooms) of +1","UDF@3a@OCCRATBROOM@3a@@20@Occupancy@20@rating@20@@28@bedrooms@29@_Occupancy@20@rating@20@@28@bedrooms@29@@20@of@20@@2b@1","Occupancy Rating",1000000,2,"20100","Value",743,"A","Normal Value","F","Free (free for publication)","Nm-544d1d32176e1d1245708936d0d2d20100",98,216
"2011","2011","2011","date",0,0,"E02000670","Lewisham 018","E02000670","2011 super output areas - middle layer",297,16,"0","Total","0","2011 rural-urban classification",2000,0,"3","Occupancy rating (bedrooms) of 0","UDF@3a@OCCRATBROOM@3a@@20@Occupancy@20@rating@20@@28@bedrooms@29@_Occupancy@20@rating@20@@28@bedrooms@29@@20@of@20@0","Occupancy Rating",1000000,3,"20100","Value",1204,"A","Normal Value","F","Free (free for publication)","Nm-544d1d32176e1d1245708936d0d3d20100",99,216
"2011","2011","2011","date",0,0,"E02000670","Lewisham 018","E02000670","2011 super output areas - middle layer",297,16,"0","Total","0","2011 rural-urban classification",2000,0,"4","Occupancy rating (bedrooms) of -1","UDF@3a@OCCRATBROOM@3a@@20@Occupancy@20@rating@20@@28@bedrooms@29@_Occupancy@20@rating@20@@28@bedrooms@29@@20@of@20@-1","Occupancy Rating",1000000,4,"20100","Value",330,"A","Normal Value","F","Free (free for publication)","Nm-544d1d32176e1d1245708936d0d4d20100",100,216
"2011","2011","2011","date",0,0,"E02000670","Lewisham 018","E02000670","2011 super output areas - middle layer",297,16,"0","Total","0","2011 rural-urban classification",2000,0,"5","Occupancy rating (bedrooms) of -2 or less","UDF@3a@OCCRATBROOM@3a@@20@Occupancy@20@rating@20@@28@bedrooms@29@_Occupancy@20@rating@20@@28@bedrooms@29@@20@of@20@-2@20@or@20@less","Occupancy Rating",1000000,5,"20100","Value",68,"A","Normal Value","F","Free (free for publication)","Nm-544d1d32176e1d1245708936d0d5d20100",101,216
"2011","2011","2011","date",0,0,"E02000671","Lewisham 019","E02000671","2011 super output areas - middle layer",297,17,"0","Total","0","2011 rural-urban classification",2000,0,"0","All categories: Occupancy rating bedrooms","UDF@3a@OCCRATBROOM@3a@@20@Occupancy@20@rating@20@@28@bedrooms@29@_@23@@23@va@2e@rcd@2e@rpt@2e@OCCRATBROOM@5f@T006A@2e@RBnNt0pl","Occupancy Rating",1000000,0,"20100","Value",3668,"A","Normal Value","F","Free (free for publication)","Nm-544d1d32176e1d1245708937d0d0d20100",102,216
"2011","2011","2011","date",0,0,"E02000671","Lewisham 019","E02000671","2011 super output areas - middle layer",297,17,"0","Total","0","2011 rural-urban classification",2000,0,"1","Occupancy rating (bedrooms) of +2 or more","UDF@3a@OCCRATBROOM@3a@@20@Occupancy@20@rating@20@@28@bedrooms@29@_Occupancy@20@rating@20@@28@bedrooms@29@@20@of@20@@2b@2@20@or@20@more","Occupancy Rating",1000000,1,"20100","Value",774,"A","Normal Value","F","Free (free for publication)","Nm-544d1d32176e1d1245708937d0d1d20100",103,216
"2011","2011","2011","date",0,0,"E02000671","Lewisham 019","E02000671","2011 super output areas - middle layer",297,17,"0","Total","0","2011 rural-urban classification",2000,0,"2","Occupancy rating (bedrooms) of +1","UDF@3a@OCCRATBROOM@3a@@20@Occupancy@20@rating@20@@28@bedrooms@29@_Occupancy@20@rating@20@@28@bedrooms@29@@20@of@20@@2b@1","Occupancy Rating",1000000,2,"20100","Value",1156,"A","Normal Value","F","Free (free for publication)","Nm-544d1d32176e1d1245708937d0d2d20100",104,216
"2011","2011","2011","date",0,0,"E02000671","Lewisham 019","E02000671","2011 super output areas - middle layer",297,17,"0","Total","0","2011 rural-urban classification",2000,0,"3","Occupancy rating (bedrooms) of 0","UDF@3a@OCCRATBROOM@3a@@20@Occupancy@20@rating@20@@28@bedrooms@29@_Occupancy@20@rating@20@@28@bedrooms@29@@20@of@20@0","Occupancy Rating",1000000,3,"20100","Value",1361,"A","Normal Value","F","Free (free for publication)","Nm-544d1d32176e1d1245708937d0d3d20100",105,216
"2011","2011","2011","date",0,0,"E02000671","Lewisham 019","E02000671","2011 super output areas - middle layer",297,17,"0","Total","0","2011 rural-urban classification",2000,0,"4","Occupancy rating (bedrooms) of -1","UDF@3a@OCCRATBROOM@3a@@20@Occupancy@20@rating@20@@28@bedrooms@29@_Occupancy@20@rating@20@@28@bedrooms@29@@20@of@20@-1","Occupancy Rating",1000000,4,"20100","Value",337,"A","Normal Value","F","Free (free for publication)","Nm-544d1d32176e1d1245708937d0d4d20100",106,216
"2011","2011","2011","date",0,0,"E02000671","Lewisham 019","E02000671","2011 super output areas - middle layer",297,17,"0","Total","0","2011 rural-urban classification",2000,0,"5","Occupancy rating (bedrooms) of -2 or less","UDF@3a@OCCRATBROOM@3a@@20@Occupancy@20@rating@20@@28@bedrooms@29@_Occupancy@20@rating@20@@28@bedrooms@29@@20@of@20@-2@20@or@20@less","Occupancy Rating",1000000,5,"20100","Value",40,"A","Normal Value","F","Free (free for publication)","Nm-544d1d32176e1d1245708937d0d5d20100",107,216
"2011","2011","2011","date",0,0,"E02000672","Lewisham 020","E02000672","2011 super output areas - middle layer",297,18,"0","Total","0","2011 rural-urban classification",2000,0,"0","All categories: Occupancy rating bedrooms","UDF@3a@OCCRATBROOM@3a@@20@Occupancy@20@rating@20@@28@bedrooms@29@_@23@@23@va@2e@rcd@2e@rpt@2e@OCCRATBROOM@5f@T006A@2e@RBnNt0pl","Occupancy Rating",1000000,0,"20100","Value",3509,"A","Normal Value","F","Free (free for publication)","Nm-544d1d32176e1d1245708938d0d0d20100",108,216
"2011","2011","2011","date",0,0,"E02000672","Lewisham 020","E02000672","2011 super output areas - middle layer",297,18,"0","Total","0","2011 rural-urban classification",2000,0,"1","Occupancy rating (bedrooms) of +2 or more","UDF@3a@OCCRATBROOM@3a@@20@Occupancy@20@rating@20@@28@bedrooms@29@_Occupancy@20@rating@20@@28@bedrooms@29@@20@of@20@@2b@2@20@or@20@more","Occupancy Rating",1000000,1,"20100","Value",515,"A","Normal Value","F","Free (free for publication)","Nm-544d1d32176e1d1245708938d0d1d20100",109,216
"2011","2011","2011","date",0,0,"E02000672","Lewisham 020","E02000672","2011 super output areas - middle layer",297,18,"0","Total","0","2011 rural-urban classification",2000,0,"2","Occupancy rating (bedrooms) of +1","UDF@3a@OCCRATBROOM@3a@@20@Occupancy@20@rating@20@@28@bedrooms@29@_Occupancy@20@rating@20@@28@bedrooms@29@@20@of@20@@2b@1","Occupancy Rating",1000000,2,"20100","Value",870,"A","Normal Value","F","Free (free for publication)","Nm-544d1d32176e1d1245708938d0d2d20100",110,216
"2011","2011","2011","date",0,0,"E02000672","Lewisham 020","E02000672","2011 super output areas - middle layer",297,18,"0","Total","0","2011 rural-urban classification",2000,0,"3","Occupancy rating (bedrooms) of 0","UDF@3a@OCCRATBROOM@3a@@20@Occupancy@20@rating@20@@28@bedrooms@29@_Occupancy@20@rating@20@@28@bedrooms@29@@20@of@20@0","Occupancy Rating",1000000,3,"20100","Value",1612,"A","Normal Value","F","Free (free for publication)","Nm-544d1d32176e1d1245708938d0d3d20100",111,216
"2011","2011","2011","date",0,0,"E02000672","Lewisham 020","E02000672","2011 super output areas - middle layer",297,18,"0","Total","0","2011 rural-urban classification",2000,0,"4","Occupancy rating (bedrooms) of -1","UDF@3a@OCCRATBROOM@3a@@20@Occupancy@20@rating@20@@28@bedrooms@29@_Occupancy@20@rating@20@@28@bedrooms@29@@20@of@20@-1","Occupancy Rating",1000000,4,"20100","Value",442,"A","Normal Value","F","Free (free for publication)","Nm-544d1d32176e1d1245708938d0d4d20100",112,216
"2011","2011","2011","date",0,0,"E02000672","Lewisham 020","E02000672","2011 super output areas - middle layer",297,18,"0","Total","0","2011 rural-urban classification",2000,0,"5","Occupancy rating (bedrooms) of -2 or less","UDF@3a@OCCRATBROOM@3a@@20@Occupancy@20@rating@20@@28@bedrooms@29@_Occupancy@20@rating@20@@28@bedrooms@29@@20@of@20@-2@20@or@20@less","Occupancy Rating",1000000,5,"20100","Value",70,"A","Normal Value","F","Free (free for publication)","Nm-544d1d32176e1d1245708938d0d5d20100",113,216
"2011","2011","2011","date",0,0,"E02000673","Lewisham 021","E02000673","2011 super output areas - middle layer",297,19,"0","Total","0","2011 rural-urban classification",2000,0,"0","All categories: Occupancy rating bedrooms","UDF@3a@OCCRATBROOM@3a@@20@Occupancy@20@rating@20@@28@bedrooms@29@_@23@@23@va@2e@rcd@2e@rpt@2e@OCCRATBROOM@5f@T006A@2e@RBnNt0pl","Occupancy Rating",1000000,0,"20100","Value",3490,"A","Normal Value","F","Free (free for publication)","Nm-544d1d32176e1d1245708939d0d0d20100",114,216
"2011","2011","2011","date",0,0,"E02000673","Lewisham 021","E02000673","2011 super output areas - middle layer",297,19,"0","Total","0","2011 rural-urban classification",2000,0,"1","Occupancy rating (bedrooms) of +2 or more","UDF@3a@OCCRATBROOM@3a@@20@Occupancy@20@rating@20@@28@bedrooms@29@_Occupancy@20@rating@20@@28@bedrooms@29@@20@of@20@@2b@2@20@or@20@more","Occupancy Rating",1000000,1,"20100","Value",864,"A","Normal Value","F","Free (free for publication)","Nm-544d1d32176e1d1245708939d0d1d20100",115,216
"2011","2011","2011","date",0,0,"E02000673","Lewisham 021","E02000673","2011 super output areas - middle layer",297,19,"0","Total","0","2011 rural-urban classification",2000,0,"2","Occupancy rating (bedrooms) of +1","UDF@3a@OCCRATBROOM@3a@@20@Occupancy@20@rating@20@@28@bedrooms@29@_Occupancy@20@rating@20@@28@bedrooms@29@@20@of@20@@2b@1","Occupancy Rating",1000000,2,"20100","Value",1018,"A","Normal Value","F","Free (free for publication)","Nm-544d1d32176e1d1245708939d0d2d20100",116,216
"2011","2011","2011","date",0,0,"E02000673","Lewisham 021","E02000673","2011 super output areas - middle layer",297,19,"0","Total","0","2011 rural-urban classification",2000,0,"3","Occupancy rating (bedrooms) of 0","UDF@3a@OCCRATBROOM@3a@@20@Occupancy@20@rating@20@@28@bedrooms@29@_Occupancy@20@rating@20@@28@bedrooms@29@@20@of@20@0","Occupancy Rating",1000000,3,"20100","Value",1311,"A","Normal Value","F","Free (free for publication)","Nm-544d1d32176e1d1245708939d0d3d20100",117,216
"2011","2011","2011","date",0,0,"E02000673","Lewisham 021","E02000673","2011 super output areas - middle layer",297,19,"0","Total","0","2011 rural-urban classification",2000,0,"4","Occupancy rating (bedrooms) of -1","UDF@3a@OCCRATBROOM@3a@@20@Occupancy@20@rating@20@@28@bedrooms@29@_Occupancy@20@rating@20@@28@bedrooms@29@@20@of@20@-1","Occupancy Rating",1000000,4,"20100","Value",267,"A","Normal Value","F","Free (free for publication)","Nm-544d1d32176e1d1245708939d0d4d20100",118,216
"2011","2011","2011","date",0,0,"E02000673","Lewisham 021","E02000673","2011 super output areas - middle layer",297,19,"0","Total","0","2011 rural-urban classification",2000,0,"5","Occupancy rating (bedrooms) of -2 or less","UDF@3a@OCCRATBROOM@3a@@20@Occupancy@20@rating@20@@28@bedrooms@29@_Occupancy@20@rating@20@@28@bedrooms@29@@20@of@20@-2@20@or@20@less","Occupancy Rating",1000000,5,"20100","Value",30,"A","Normal Value","F","Free (free for publication)","Nm-544d1d32176e1d1245708939d0d5d20100",119,216
"2011","2011","2011","date",0,0,"E02000674","Lewisham 022","E02000674","2011 super output areas - middle layer",297,20,"0","Total","0","2011 rural-urban classification",2000,0,"0","All categories: Occupancy rating bedrooms","UDF@3a@OCCRATBROOM@3a@@20@Occupancy@20@rating@20@@28@bedrooms@29@_@23@@23@va@2e@rcd@2e@rpt@2e@OCCRATBROOM@5f@T006A@2e@RBnNt0pl","Occupancy Rating",1000000,0,"20100","Value",3020,"A","Normal Value","F","Free (free for publication)","Nm-544d1d32176e1d1245708940d0d0d20100",120,216
"2011","2011","2011","date",0,0,"E02000674","Lewisham 022","E02000674","2011 super output areas - middle layer",297,20,"0","Total","0","2011 rural-urban classification",2000,0,"1","Occupancy rating (bedrooms) of +2 or more","UDF@3a@OCCRATBROOM@3a@@20@Occupancy@20@rating@20@@28@bedrooms@29@_Occupancy@20@rating@20@@28@bedrooms@29@@20@of@20@@2b@2@20@or@20@more","Occupancy Rating",1000000,1,"20100","Value",927,"A","Normal Value","F","Free (free for publication)","Nm-544d1d32176e1d1245708940d0d1d20100",121,216
"2011","2011","2011","date",0,0,"E02000674","Lewisham 022","E02000674","2011 super output areas - middle layer",297,20,"0","Total","0","2011 rural-urban classification",2000,0,"2","Occupancy rating (bedrooms) of +1","UDF@3a@OCCRATBROOM@3a@@20@Occupancy@20@rating@20@@28@bedrooms@29@_Occupancy@20@rating@20@@28@bedrooms@29@@20@of@20@@2b@1","Occupancy Rating",1000000,2,"20100","Value",919,"A","Normal Value","F","Free (free for publication)","Nm-544d1d32176e1d1245708940d0d2d20100",122,216
"2011","2011","2011","date",0,0,"E02000674","Lewisham 022","E02000674","2011 super output areas - middle layer",297,20,"0","Total","0","2011 rural-urban classification",2000,0,"3","Occupancy rating (bedrooms) of 0","UDF@3a@OCCRATBROOM@3a@@20@Occupancy@20@rating@20@@28@bedrooms@29@_Occupancy@20@rating@20@@28@bedrooms@29@@20@of@20@0","Occupancy Rating",1000000,3,"20100","Value",880,"A","Normal Value","F","Free (free for publication)","Nm-544d1d32176e1d1245708940d0d3d20100",123,216
"2011","2011","2011","date",0,0,"E02000674","Lewisham 022","E02000674","2011 super output areas - middle layer",297,20,"0","Total","0","2011 rural-urban classification",2000,0,"4","Occupancy rating (bedrooms) of -1","UDF@3a@OCCRATBROOM@3a@@20@Occupancy@20@rating@20@@28@bedrooms@29@_Occupancy@20@rating@20@@28@bedrooms@29@@20@of@20@-1","Occupancy Rating",1000000,4,"20100","Value",243,"A","Normal Value","F","Free (free for publication)","Nm-544d1d32176e1d1245708940d0d4d20100",124,216
"2011","2011","2011","date",0,0,"E02000674","Lewisham 022","E02000674","2011 super output areas - middle layer",297,20,"0","Total","0","2011 rural-urban classification",2000,0,"5","Occupancy rating (bedrooms) of -2 or less","UDF@3a@OCCRATBROOM@3a@@20@Occupancy@20@rating@20@@28@bedrooms@29@_Occupancy@20@rating@20@@28@bedrooms@29@@20@of@20@-2@20@or@20@less","Occupancy Rating",1000000,5,"20100","Value",51,"A","Normal Value","F","Free (free for publication)","Nm-544d1d32176e1d1245708940d0d5d20100",125,216
"2011","2011","2011","date",0,0,"E02000675","Lewisham 023","E02000675","2011 super output areas - middle layer",297,21,"0","Total","0","2011 rural-urban classification",2000,0,"0","All categories: Occupancy rating bedrooms","UDF@3a@OCCRATBROOM@3a@@20@Occupancy@20@rating@20@@28@bedrooms@29@_@23@@23@va@2e@rcd@2e@rpt@2e@OCCRATBROOM@5f@T006A@2e@RBnNt0pl","Occupancy Rating",1000000,0,"20100","Value",3419,"A","Normal Value","F","Free (free for publication)","Nm-544d1d32176e1d1245708941d0d0d20100",126,216
"2011","2011","2011","date",0,0,"E02000675","Lewisham 023","E02000675","2011 super output areas - middle layer",297,21,"0","Total","0","2011 rural-urban classification",2000,0,"1","Occupancy rating (bedrooms) of +2 or more","UDF@3a@OCCRATBROOM@3a@@20@Occupancy@20@rating@20@@28@bedrooms@29@_Occupancy@20@rating@20@@28@bedrooms@29@@20@of@20@@2b@2@20@or@20@more","Occupancy Rating",1000000,1,"20100","Value",935,"A","Normal Value","F","Free (free for publication)","Nm-544d1d32176e1d1245708941d0d1d20100",127,216
"2011","2011","2011","date",0,0,"E02000675","Lewisham 023","E02000675","2011 super output areas - middle layer",297,21,"0","Total","0","2011 rural-urban classification",2000,0,"2","Occupancy rating (bedrooms) of +1","UDF@3a@OCCRATBROOM@3a@@20@Occupancy@20@rating@20@@28@bedrooms@29@_Occupancy@20@rating@20@@28@bedrooms@29@@20@of@20@@2b@1","Occupancy Rating",1000000,2,"20100","Value",1124,"A","Normal Value","F","Free (free for publication)","Nm-544d1d32176e1d1245708941d0d2d20100",128,216
"2011","2011","2011","date",0,0,"E02000675","Lewisham 023","E02000675","2011 super output areas - middle layer",297,21,"0","Total","0","2011 rural-urban classification",2000,0,"3","Occupancy rating (bedrooms) of 0","UDF@3a@OCCRATBROOM@3a@@20@Occupancy@20@rating@20@@28@bedrooms@29@_Occupancy@20@rating@20@@28@bedrooms@29@@20@of@20@0","Occupancy Rating",1000000,3,"20100","Value",1092,"A","Normal Value","F","Free (free for publication)","Nm-544d1d32176e1d1245708941d0d3d20100",129,216
"2011","2011","2011","date",0,0,"E02000675","Lewisham 023","E02000675","2011 super output areas - middle layer",297,21,"0","Total","0","2011 rural-urban classification",2000,0,"4","Occupancy rating (bedrooms) of -1","UDF@3a@OCCRATBROOM@3a@@20@Occupancy@20@rating@20@@28@bedrooms@29@_Occupancy@20@rating@20@@28@bedrooms@29@@20@of@20@-1","Occupancy Rating",1000000,4,"20100","Value",234,"A","Normal Value","F","Free (free for publication)","Nm-544d1d32176e1d1245708941d0d4d20100",130,216
"2011","2011","2011","date",0,0,"E02000675","Lewisham 023","E02000675","2011 super output areas - middle layer",297,21,"0","Total","0","2011 rural-urban classification",2000,0,"5","Occupancy rating (bedrooms) of -2 or less","UDF@3a@OCCRATBROOM@3a@@20@Occupancy@20@rating@20@@28@bedrooms@29@_Occupancy@20@rating@20@@28@bedrooms@29@@20@of@20@-2@20@or@20@less","Occupancy Rating",1000000,5,"20100","Value",34,"A","Normal Value","F","Free (free for publication)","Nm-544d1d32176e1d1245708941d0d5d20100",131,216
"2011","2011","2011","date",0,0,"E02000676","Lewisham 024","E02000676","2011 super output areas - middle layer",297,22,"0","Total","0","2011 rural-urban classification",2000,0,"0","All categories: Occupancy rating bedrooms","UDF@3a@OCCRATBROOM@3a@@20@Occupancy@20@rating@20@@28@bedrooms@29@_@23@@23@va@2e@rcd@2e@rpt@2e@OCCRATBROOM@5f@T006A@2e@RBnNt0pl","Occupancy Rating",1000000,0,"20100","Value",3252,"A","Normal Value","F","Free (free for publication)","Nm-544d1d32176e1d1245708942d0d0d20100",132,216
"2011","2011","2011","date",0,0,"E02000676","Lewisham 024","E02000676","2011 super output areas - middle layer",297,22,"0","Total","0","2011 rural-urban classification",2000,0,"1","Occupancy rating (bedrooms) of +2 or more","UDF@3a@OCCRATBROOM@3a@@20@Occupancy@20@rating@20@@28@bedrooms@29@_Occupancy@20@rating@20@@28@bedrooms@29@@20@of@20@@2b@2@20@or@20@more","Occupancy Rating",1000000,1,"20100","Value",641,"A","Normal Value","F","Free (free for publication)","Nm-544d1d32176e1d1245708942d0d1d20100",133,216
"2011","2011","2011","date",0,0,"E02000676","Lewisham 024","E02000676","2011 super output areas - middle layer",297,22,"0","Total","0","2011 rural-urban classification",2000,0,"2","Occupancy rating (bedrooms) of +1","UDF@3a@OCCRATBROOM@3a@@20@Occupancy@20@rating@20@@28@bedrooms@29@_Occupancy@20@rating@20@@28@bedrooms@29@@20@of@20@@2b@1","Occupancy Rating",1000000,2,"20100","Value",1043,"A","Normal Value","F","Free (free for publication)","Nm-544d1d32176e1d1245708942d0d2d20100",134,216
"2011","2011","2011","date",0,0,"E02000676","Lewisham 024","E02000676","2011 super output areas - middle layer",297,22,"0","Total","0","2011 rural-urban classification",2000,0,"3","Occupancy rating (bedrooms) of 0","UDF@3a@OCCRATBROOM@3a@@20@Occupancy@20@rating@20@@28@bedrooms@29@_Occupancy@20@rating@20@@28@bedrooms@29@@20@of@20@0","Occupancy Rating",1000000,3,"20100","Value",1197,"A","Normal Value","F","Free (free for publication)","Nm-544d1d32176e1d1245708942d0d3d20100",135,216
"2011","2011","2011","date",0,0,"E02000676","Lewisham 024","E02000676","2011 super output areas - middle layer",297,22,"0","Total","0","2011 rural-urban classification",2000,0,"4","Occupancy rating (bedrooms) of -1","UDF@3a@OCCRATBROOM@3a@@20@Occupancy@20@rating@20@@28@bedrooms@29@_Occupancy@20@rating@20@@28@bedrooms@29@@20@of@20@-1","Occupancy Rating",1000000,4,"20100","Value",330,"A","Normal Value","F","Free (free for publication)","Nm-544d1d32176e1d1245708942d0d4d20100",136,216
"2011","2011","2011","date",0,0,"E02000676","Lewisham 024","E02000676","2011 super output areas - middle layer",297,22,"0","Total","0","2011 rural-urban classification",2000,0,"5","Occupancy rating (bedrooms) of -2 or less","UDF@3a@OCCRATBROOM@3a@@20@Occupancy@20@rating@20@@28@bedrooms@29@_Occupancy@20@rating@20@@28@bedrooms@29@@20@of@20@-2@20@or@20@less","Occupancy Rating",1000000,5,"20100","Value",41,"A","Normal Value","F","Free (free for publication)","Nm-544d1d32176e1d1245708942d0d5d20100",137,216
"2011","2011","2011","date",0,0,"E02000677","Lewisham 025","E02000677","2011 super output areas - middle layer",297,23,"0","Total","0","2011 rural-urban classification",2000,0,"0","All categories: Occupancy rating bedrooms","UDF@3a@OCCRATBROOM@3a@@20@Occupancy@20@rating@20@@28@bedrooms@29@_@23@@23@va@2e@rcd@2e@rpt@2e@OCCRATBROOM@5f@T006A@2e@RBnNt0pl","Occupancy Rating",1000000,0,"20100","Value",2692,"A","Normal Value","F","Free (free for publication)","Nm-544d1d32176e1d1245708943d0d0d20100",138,216
"2011","2011","2011","date",0,0,"E02000677","Lewisham 025","E02000677","2011 super output areas - middle layer",297,23,"0","Total","0","2011 rural-urban classification",2000,0,"1","Occupancy rating (bedrooms) of +2 or more","UDF@3a@OCCRATBROOM@3a@@20@Occupancy@20@rating@20@@28@bedrooms@29@_Occupancy@20@rating@20@@28@bedrooms@29@@20@of@20@@2b@2@20@or@20@more","Occupancy Rating",1000000,1,"20100","Value",842,"A","Normal Value","F","Free (free for publication)","Nm-544d1d32176e1d1245708943d0d1d20100",139,216
"2011","2011","2011","date",0,0,"E02000677","Lewisham 025","E02000677","2011 super output areas - middle layer",297,23,"0","Total","0","2011 rural-urban classification",2000,0,"2","Occupancy rating (bedrooms) of +1","UDF@3a@OCCRATBROOM@3a@@20@Occupancy@20@rating@20@@28@bedrooms@29@_Occupancy@20@rating@20@@28@bedrooms@29@@20@of@20@@2b@1","Occupancy Rating",1000000,2,"20100","Value",701,"A","Normal Value","F","Free (free for publication)","Nm-544d1d32176e1d1245708943d0d2d20100",140,216
"2011","2011","2011","date",0,0,"E02000677","Lewisham 025","E02000677","2011 super output areas - middle layer",297,23,"0","Total","0","2011 rural-urban classification",2000,0,"3","Occupancy rating (bedrooms) of 0","UDF@3a@OCCRATBROOM@3a@@20@Occupancy@20@rating@20@@28@bedrooms@29@_Occupancy@20@rating@20@@28@bedrooms@29@@20@of@20@0","Occupancy Rating",1000000,3,"20100","Value",880,"A","Normal Value","F","Free (free for publication)","Nm-544d1d32176e1d1245708943d0d3d20100",141,216
"2011","2011","2011","date",0,0,"E02000677","Lewisham 025","E02000677","2011 super output areas - middle layer",297,23,"0","Total","0","2011 rural-urban classification",2000,0,"4","Occupancy rating (bedrooms) of -1","UDF@3a@OCCRATBROOM@3a@@20@Occupancy@20@rating@20@@28@bedrooms@29@_Occupancy@20@rating@20@@28@bedrooms@29@@20@of@20@-1","Occupancy Rating",1000000,4,"20100","Value",213,"A","Normal Value","F","Free (free for publication)","Nm-544d1d32176e1d1245708943d0d4d20100",142,216
"2011","2011","2011","date",0,0,"E02000677","Lewisham 025","E02000677","2011 super output areas - middle layer",297,23,"0","Total","0","2011 rural-urban classification",2000,0,"5","Occupancy rating (bedrooms) of -2 or less","UDF@3a@OCCRATBROOM@3a@@20@Occupancy@20@rating@20@@28@bedrooms@29@_Occupancy@20@rating@20@@28@bedrooms@29@@20@of@20@-2@20@or@20@less","Occupancy Rating",1000000,5,"20100","Value",56,"A","Normal Value","F","Free (free for publication)","Nm-544d1d32176e1d1245708943d0d5d20100",143,216
"2011","2011","2011","date",0,0,"E02000678","Lewisham 026","E02000678","2011 super output areas - middle layer",297,24,"0","Total","0","2011 rural-urban classification",2000,0,"0","All categories: Occupancy rating bedrooms","UDF@3a@OCCRATBROOM@3a@@20@Occupancy@20@rating@20@@28@bedrooms@29@_@23@@23@va@2e@rcd@2e@rpt@2e@OCCRATBROOM@5f@T006A@2e@RBnNt0pl","Occupancy Rating",1000000,0,"20100","Value",2432,"A","Normal Value","F","Free (free for publication)","Nm-544d1d32176e1d1245708944d0d0d20100",144,216
"2011","2011","2011","date",0,0,"E02000678","Lewisham 026","E02000678","2011 super output areas - middle layer",297,24,"0","Total","0","2011 rural-urban classification",2000,0,"1","Occupancy rating (bedrooms) of +2 or more","UDF@3a@OCCRATBROOM@3a@@20@Occupancy@20@rating@20@@28@bedrooms@29@_Occupancy@20@rating@20@@28@bedrooms@29@@20@of@20@@2b@2@20@or@20@more","Occupancy Rating",1000000,1,"20100","Value",477,"A","Normal Value","F","Free (free for publication)","Nm-544d1d32176e1d1245708944d0d1d20100",145,216
"2011","2011","2011","date",0,0,"E02000678","Lewisham 026","E02000678","2011 super output areas - middle layer",297,24,"0","Total","0","2011 rural-urban classification",2000,0,"2","Occupancy rating (bedrooms) of +1","UDF@3a@OCCRATBROOM@3a@@20@Occupancy@20@rating@20@@28@bedrooms@29@_Occupancy@20@rating@20@@28@bedrooms@29@@20@of@20@@2b@1","Occupancy Rating",1000000,2,"20100","Value",671,"A","Normal Value","F","Free (free for publication)","Nm-544d1d32176e1d1245708944d0d2d20100",146,216
"2011","2011","2011","date",0,0,"E02000678","Lewisham 026","E02000678","2011 super output areas - middle layer",297,24,"0","Total","0","2011 rural-urban classification",2000,0,"3","Occupancy rating (bedrooms) of 0","UDF@3a@OCCRATBROOM@3a@@20@Occupancy@20@rating@20@@28@bedrooms@29@_Occupancy@20@rating@20@@28@bedrooms@29@@20@of@20@0","Occupancy Rating",1000000,3,"20100","Value",998,"A","Normal Value","F","Free (free for publication)","Nm-544d1d32176e1d1245708944d0d3d20100",147,216
"2011","2011","2011","date",0,0,"E02000678","Lewisham 026","E02000678","2011 super output areas - middle layer",297,24,"0","Total","0","2011 rural-urban classification",2000,0,"4","Occupancy rating (bedrooms) of -1","UDF@3a@OCCRATBROOM@3a@@20@Occupancy@20@rating@20@@28@bedrooms@29@_Occupancy@20@rating@20@@28@bedrooms@29@@20@of@20@-1","Occupancy Rating",1000000,4,"20100","Value",246,"A","Normal Value","F","Free (free for publication)","Nm-544d1d32176e1d1245708944d0d4d20100",148,216
"2011","2011","2011","date",0,0,"E02000678","Lewisham 026","E02000678","2011 super output areas - middle layer",297,24,"0","Total","0","2011 rural-urban classification",2000,0,"5","Occupancy rating (bedrooms) of -2 or less","UDF@3a@OCCRATBROOM@3a@@20@Occupancy@20@rating@20@@28@bedrooms@29@_Occupancy@20@rating@20@@28@bedrooms@29@@20@of@20@-2@20@or@20@less","Occupancy Rating",1000000,5,"20100","Value",40,"A","Normal Value","F","Free (free for publication)","Nm-544d1d32176e1d1245708944d0d5d20100",149,216
"2011","2011","2011","date",0,0,"E02000679","Lewisham 027","E02000679","2011 super output areas - middle layer",297,25,"0","Total","0","2011 rural-urban classification",2000,0,"0","All categories: Occupancy rating bedrooms","UDF@3a@OCCRATBROOM@3a@@20@Occupancy@20@rating@20@@28@bedrooms@29@_@23@@23@va@2e@rcd@2e@rpt@2e@OCCRATBROOM@5f@T006A@2e@RBnNt0pl","Occupancy Rating",1000000,0,"20100","Value",3455,"A","Normal Value","F","Free (free for publication)","Nm-544d1d32176e1d1245708945d0d0d20100",150,216
"2011","2011","2011","date",0,0,"E02000679","Lewisham 027","E02000679","2011 super output areas - middle layer",297,25,"0","Total","0","2011 rural-urban classification",2000,0,"1","Occupancy rating (bedrooms) of +2 or more","UDF@3a@OCCRATBROOM@3a@@20@Occupancy@20@rating@20@@28@bedrooms@29@_Occupancy@20@rating@20@@28@bedrooms@29@@20@of@20@@2b@2@20@or@20@more","Occupancy Rating",1000000,1,"20100","Value",694,"A","Normal Value","F","Free (free for publication)","Nm-544d1d32176e1d1245708945d0d1d20100",151,216
"2011","2011","2011","date",0,0,"E02000679","Lewisham 027","E02000679","2011 super output areas - middle layer",297,25,"0","Total","0","2011 rural-urban classification",2000,0,"2","Occupancy rating (bedrooms) of +1","UDF@3a@OCCRATBROOM@3a@@20@Occupancy@20@rating@20@@28@bedrooms@29@_Occupancy@20@rating@20@@28@bedrooms@29@@20@of@20@@2b@1","Occupancy Rating",1000000,2,"20100","Value",966,"A","Normal Value","F","Free (free for publication)","Nm-544d1d32176e1d1245708945d0d2d20100",152,216
"2011","2011","2011","date",0,0,"E02000679","Lewisham 027","E02000679","2011 super output areas - middle layer",297,25,"0","Total","0","2011 rural-urban classification",2000,0,"3","Occupancy rating (bedrooms) of 0","UDF@3a@OCCRATBROOM@3a@@20@Occupancy@20@rating@20@@28@bedrooms@29@_Occupancy@20@rating@20@@28@bedrooms@29@@20@of@20@0","Occupancy Rating",1000000,3,"20100","Value",1473,"A","Normal Value","F","Free (free for publication)","Nm-544d1d32176e1d1245708945d0d3d20100",153,216
"2011","2011","2011","date",0,0,"E02000679","Lewisham 027","E02000679","2011 super output areas - middle layer",297,25,"0","Total","0","2011 rural-urban classification",2000,0,"4","Occupancy rating (bedrooms) of -1","UDF@3a@OCCRATBROOM@3a@@20@Occupancy@20@rating@20@@28@bedrooms@29@_Occupancy@20@rating@20@@28@bedrooms@29@@20@of@20@-1","Occupancy Rating",1000000,4,"20100","Value",276,"A","Normal Value","F","Free (free for publication)","Nm-544d1d32176e1d1245708945d0d4d20100",154,216
"2011","2011","2011","date",0,0,"E02000679","Lewisham 027","E02000679","2011 super output areas - middle layer",297,25,"0","Total","0","2011 rural-urban classification",2000,0,"5","Occupancy rating (bedrooms) of -2 or less","UDF@3a@OCCRATBROOM@3a@@20@Occupancy@20@rating@20@@28@bedrooms@29@_Occupancy@20@rating@20@@28@bedrooms@29@@20@of@20@-2@20@or@20@less","Occupancy Rating",1000000,5,"20100","Value",46,"A","Normal Value","F","Free (free for publication)","Nm-544d1d32176e1d1245708945d0d5d20100",155,216
"2011","2011","2011","date",0,0,"E02000680","Lewisham 028","E02000680","2011 super output areas - middle layer",297,26,"0","Total","0","2011 rural-urban classification",2000,0,"0","All categories: Occupancy rating bedrooms","UDF@3a@OCCRATBROOM@3a@@20@Occupancy@20@rating@20@@28@bedrooms@29@_@23@@23@va@2e@rcd@2e@rpt@2e@OCCRATBROOM@5f@T006A@2e@RBnNt0pl","Occupancy Rating",1000000,0,"20100","Value",3016,"A","Normal Value","F","Free (free for publication)","Nm-544d1d32176e1d1245708946d0d0d20100",156,216
"2011","2011","2011","date",0,0,"E02000680","Lewisham 028","E02000680","2011 super output areas - middle layer",297,26,"0","Total","0","2011 rural-urban classification",2000,0,"1","Occupancy rating (bedrooms) of +2 or more","UDF@3a@OCCRATBROOM@3a@@20@Occupancy@20@rating@20@@28@bedrooms@29@_Occupancy@20@rating@20@@28@bedrooms@29@@20@of@20@@2b@2@20@or@20@more","Occupancy Rating",1000000,1,"20100","Value",524,"A","Normal Value","F","Free (free for publication)","Nm-544d1d32176e1d1245708946d0d1d20100",157,216
"2011","2011","2011","date",0,0,"E02000680","Lewisham 028","E02000680","2011 super output areas - middle layer",297,26,"0","Total","0","2011 rural-urban classification",2000,0,"2","Occupancy rating (bedrooms) of +1","UDF@3a@OCCRATBROOM@3a@@20@Occupancy@20@rating@20@@28@bedrooms@29@_Occupancy@20@rating@20@@28@bedrooms@29@@20@of@20@@2b@1","Occupancy Rating",1000000,2,"20100","Value",894,"A","Normal Value","F","Free (free for publication)","Nm-544d1d32176e1d1245708946d0d2d20100",158,216
"2011","2011","2011","date",0,0,"E02000680","Lewisham 028","E02000680","2011 super output areas - middle layer",297,26,"0","Total","0","2011 rural-urban classification",2000,0,"3","Occupancy rating (bedrooms) of 0","UDF@3a@OCCRATBROOM@3a@@20@Occupancy@20@rating@20@@28@bedrooms@29@_Occupancy@20@rating@20@@28@bedrooms@29@@20@of@20@0","Occupancy Rating",1000000,3,"20100","Value",1260,"A","Normal Value","F","Free (free for publication)","Nm-544d1d32176e1d1245708946d0d3d20100",159,216
"2011","2011","2011","date",0,0,"E02000680","Lewisham 028","E02000680","2011 super output areas - middle layer",297,26,"0","Total","0","2011 rural-urban classification",2000,0,"4","Occupancy rating (bedrooms) of -1","UDF@3a@OCCRATBROOM@3a@@20@Occupancy@20@rating@20@@28@bedrooms@29@_Occupancy@20@rating@20@@28@bedrooms@29@@20@of@20@-1","Occupancy Rating",1000000,4,"20100","Value",284,"A","Normal Value","F","Free (free for publication)","Nm-544d1d32176e1d1245708946d0d4d20100",160,216
"2011","2011","2011","date",0,0,"E02000680","Lewisham 028","E02000680","2011 super output areas - middle layer",297,26,"0","Total","0","2011 rural-urban classification",2000,0,"5","Occupancy rating (bedrooms) of -2 or less","UDF@3a@OCCRATBROOM@3a@@20@Occupancy@20@rating@20@@28@bedrooms@29@_Occupancy@20@rating@20@@28@bedrooms@29@@20@of@20@-2@20@or@20@less","Occupancy Rating",1000000,5,"20100","Value",54,"A","Normal Value","F","Free (free for publication)","Nm-544d1d32176e1d1245708946d0d5d20100",161,216
"2011","2011","2011","date",0,0,"E02000681","Lewisham 029","E02000681","2011 super output areas - middle layer",297,27,"0","Total","0","2011 rural-urban classification",2000,0,"0","All categories: Occupancy rating bedrooms","UDF@3a@OCCRATBROOM@3a@@20@Occupancy@20@rating@20@@28@bedrooms@29@_@23@@23@va@2e@rcd@2e@rpt@2e@OCCRATBROOM@5f@T006A@2e@RBnNt0pl","Occupancy Rating",1000000,0,"20100","Value",3268,"A","Normal Value","F","Free (free for publication)","Nm-544d1d32176e1d1245708947d0d0d20100",162,216
"2011","2011","2011","date",0,0,"E02000681","Lewisham 029","E02000681","2011 super output areas - middle layer",297,27,"0","Total","0","2011 rural-urban classification",2000,0,"1","Occupancy rating (bedrooms) of +2 or more","UDF@3a@OCCRATBROOM@3a@@20@Occupancy@20@rating@20@@28@bedrooms@29@_Occupancy@20@rating@20@@28@bedrooms@29@@20@of@20@@2b@2@20@or@20@more","Occupancy Rating",1000000,1,"20100","Value",654,"A","Normal Value","F","Free (free for publication)","Nm-544d1d32176e1d1245708947d0d1d20100",163,216
"2011","2011","2011","date",0,0,"E02000681","Lewisham 029","E02000681","2011 super output areas - middle layer",297,27,"0","Total","0","2011 rural-urban classification",2000,0,"2","Occupancy rating (bedrooms) of +1","UDF@3a@OCCRATBROOM@3a@@20@Occupancy@20@rating@20@@28@bedrooms@29@_Occupancy@20@rating@20@@28@bedrooms@29@@20@of@20@@2b@1","Occupancy Rating",1000000,2,"20100","Value",948,"A","Normal Value","F","Free (free for publication)","Nm-544d1d32176e1d1245708947d0d2d20100",164,216
"2011","2011","2011","date",0,0,"E02000681","Lewisham 029","E02000681","2011 super output areas - middle layer",297,27,"0","Total","0","2011 rural-urban classification",2000,0,"3","Occupancy rating (bedrooms) of 0","UDF@3a@OCCRATBROOM@3a@@20@Occupancy@20@rating@20@@28@bedrooms@29@_Occupancy@20@rating@20@@28@bedrooms@29@@20@of@20@0","Occupancy Rating",1000000,3,"20100","Value",1283,"A","Normal Value","F","Free (free for publication)","Nm-544d1d32176e1d1245708947d0d3d20100",165,216
"2011","2011","2011","date",0,0,"E02000681","Lewisham 029","E02000681","2011 super output areas - middle layer",297,27,"0","Total","0","2011 rural-urban classification",2000,0,"4","Occupancy rating (bedrooms) of -1","UDF@3a@OCCRATBROOM@3a@@20@Occupancy@20@rating@20@@28@bedrooms@29@_Occupancy@20@rating@20@@28@bedrooms@29@@20@of@20@-1","Occupancy Rating",1000000,4,"20100","Value",311,"A","Normal Value","F","Free (free for publication)","Nm-544d1d32176e1d1245708947d0d4d20100",166,216
"2011","2011","2011","date",0,0,"E02000681","Lewisham 029","E02000681","2011 super output areas - middle layer",297,27,"0","Total","0","2011 rural-urban classification",2000,0,"5","Occupancy rating (bedrooms) of -2 or less","UDF@3a@OCCRATBROOM@3a@@20@Occupancy@20@rating@20@@28@bedrooms@29@_Occupancy@20@rating@20@@28@bedrooms@29@@20@of@20@-2@20@or@20@less","Occupancy Rating",1000000,5,"20100","Value",72,"A","Normal Value","F","Free (free for publication)","Nm-544d1d32176e1d1245708947d0d5d20100",167,216
"2011","2011","2011","date",0,0,"E02000682","Lewisham 030","E02000682","2011 super output areas - middle layer",297,28,"0","Total","0","2011 rural-urban classification",2000,0,"0","All categories: Occupancy rating bedrooms","UDF@3a@OCCRATBROOM@3a@@20@Occupancy@20@rating@20@@28@bedrooms@29@_@23@@23@va@2e@rcd@2e@rpt@2e@OCCRATBROOM@5f@T006A@2e@RBnNt0pl","Occupancy Rating",1000000,0,"20100","Value",3095,"A","Normal Value","F","Free (free for publication)","Nm-544d1d32176e1d1245708948d0d0d20100",168,216
"2011","2011","2011","date",0,0,"E02000682","Lewisham 030","E02000682","2011 super output areas - middle layer",297,28,"0","Total","0","2011 rural-urban classification",2000,0,"1","Occupancy rating (bedrooms) of +2 or more","UDF@3a@OCCRATBROOM@3a@@20@Occupancy@20@rating@20@@28@bedrooms@29@_Occupancy@20@rating@20@@28@bedrooms@29@@20@of@20@@2b@2@20@or@20@more","Occupancy Rating",1000000,1,"20100","Value",758,"A","Normal Value","F","Free (free for publication)","Nm-544d1d32176e1d1245708948d0d1d20100",169,216
"2011","2011","2011","date",0,0,"E02000682","Lewisham 030","E02000682","2011 super output areas - middle layer",297,28,"0","Total","0","2011 rural-urban classification",2000,0,"2","Occupancy rating (bedrooms) of +1","UDF@3a@OCCRATBROOM@3a@@20@Occupancy@20@rating@20@@28@bedrooms@29@_Occupancy@20@rating@20@@28@bedrooms@29@@20@of@20@@2b@1","Occupancy Rating",1000000,2,"20100","Value",888,"A","Normal Value","F","Free (free for publication)","Nm-544d1d32176e1d1245708948d0d2d20100",170,216
"2011","2011","2011","date",0,0,"E02000682","Lewisham 030","E02000682","2011 super output areas - middle layer",297,28,"0","Total","0","2011 rural-urban classification",2000,0,"3","Occupancy rating (bedrooms) of 0","UDF@3a@OCCRATBROOM@3a@@20@Occupancy@20@rating@20@@28@bedrooms@29@_Occupancy@20@rating@20@@28@bedrooms@29@@20@of@20@0","Occupancy Rating",1000000,3,"20100","Value",1135,"A","Normal Value","F","Free (free for publication)","Nm-544d1d32176e1d1245708948d0d3d20100",171,216
"2011","2011","2011","date",0,0,"E02000682","Lewisham 030","E02000682","2011 super output areas - middle layer",297,28,"0","Total","0","2011 rural-urban classification",2000,0,"4","Occupancy rating (bedrooms) of -1","UDF@3a@OCCRATBROOM@3a@@20@Occupancy@20@rating@20@@28@bedrooms@29@_Occupancy@20@rating@20@@28@bedrooms@29@@20@of@20@-1","Occupancy Rating",1000000,4,"20100","Value",270,"A","Normal Value","F","Free (free for publication)","Nm-544d1d32176e1d1245708948d0d4d20100",172,216
"2011","2011","2011","date",0,0,"E02000682","Lewisham 030","E02000682","2011 super output areas - middle layer",297,28,"0","Total","0","2011 rural-urban classification",2000,0,"5","Occupancy rating (bedrooms) of -2 or less","UDF@3a@OCCRATBROOM@3a@@20@Occupancy@20@rating@20@@28@bedrooms@29@_Occupancy@20@rating@20@@28@bedrooms@29@@20@of@20@-2@20@or@20@less","Occupancy Rating",1000000,5,"20100","Value",44,"A","Normal Value","F","Free (free for publication)","Nm-544d1d32176e1d1245708948d0d5d20100",173,216
"2011","2011","2011","date",0,0,"E02000683","Lewisham 031","E02000683","2011 super output areas - middle layer",297,29,"0","Total","0","2011 rural-urban classification",2000,0,"0","All categories: Occupancy rating bedrooms","UDF@3a@OCCRATBROOM@3a@@20@Occupancy@20@rating@20@@28@bedrooms@29@_@23@@23@va@2e@rcd@2e@rpt@2e@OCCRATBROOM@5f@T006A@2e@RBnNt0pl","Occupancy Rating",1000000,0,"20100","Value",2763,"A","Normal Value","F","Free (free for publication)","Nm-544d1d32176e1d1245708949d0d0d20100",174,216
"2011","2011","2011","date",0,0,"E02000683","Lewisham 031","E02000683","2011 super output areas - middle layer",297,29,"0","Total","0","2011 rural-urban classification",2000,0,"1","Occupancy rating (bedrooms) of +2 or more","UDF@3a@OCCRATBROOM@3a@@20@Occupancy@20@rating@20@@28@bedrooms@29@_Occupancy@20@rating@20@@28@bedrooms@29@@20@of@20@@2b@2@20@or@20@more","Occupancy Rating",1000000,1,"20100","Value",491,"A","Normal Value","F","Free (free for publication)","Nm-544d1d32176e1d1245708949d0d1d20100",175,216
"2011","2011","2011","date",0,0,"E02000683","Lewisham 031","E02000683","2011 super output areas - middle layer",297,29,"0","Total","0","2011 rural-urban classification",2000,0,"2","Occupancy rating (bedrooms) of +1","UDF@3a@OCCRATBROOM@3a@@20@Occupancy@20@rating@20@@28@bedrooms@29@_Occupancy@20@rating@20@@28@bedrooms@29@@20@of@20@@2b@1","Occupancy Rating",1000000,2,"20100","Value",859,"A","Normal Value","F","Free (free for publication)","Nm-544d1d32176e1d1245708949d0d2d20100",176,216
"2011","2011","2011","date",0,0,"E02000683","Lewisham 031","E02000683","2011 super output areas - middle layer",297,29,"0","Total","0","2011 rural-urban classification",2000,0,"3","Occupancy rating (bedrooms) of 0","UDF@3a@OCCRATBROOM@3a@@20@Occupancy@20@rating@20@@28@bedrooms@29@_Occupancy@20@rating@20@@28@bedrooms@29@@20@of@20@0","Occupancy Rating",1000000,3,"20100","Value",1142,"A","Normal Value","F","Free (free for publication)","Nm-544d1d32176e1d1245708949d0d3d20100",177,216
"2011","2011","2011","date",0,0,"E02000683","Lewisham 031","E02000683","2011 super output areas - middle layer",297,29,"0","Total","0","2011 rural-urban classification",2000,0,"4","Occupancy rating (bedrooms) of -1","UDF@3a@OCCRATBROOM@3a@@20@Occupancy@20@rating@20@@28@bedrooms@29@_Occupancy@20@rating@20@@28@bedrooms@29@@20@of@20@-1","Occupancy Rating",1000000,4,"20100","Value",241,"A","Normal Value","F","Free (free for publication)","Nm-544d1d32176e1d1245708949d0d4d20100",178,216
"2011","2011","2011","date",0,0,"E02000683","Lewisham 031","E02000683","2011 super output areas - middle layer",297,29,"0","Total","0","2011 rural-urban classification",2000,0,"5","Occupancy rating (bedrooms) of -2 or less","UDF@3a@OCCRATBROOM@3a@@20@Occupancy@20@rating@20@@28@bedrooms@29@_Occupancy@20@rating@20@@28@bedrooms@29@@20@of@20@-2@20@or@20@less","Occupancy Rating",1000000,5,"20100","Value",30,"A","Normal Value","F","Free (free for publication)","Nm-544d1d32176e1d1245708949d0d5d20100",179,216
"2011","2011","2011","date",0,0,"E02000685","Lewisham 033","E02000685","2011 super output areas - middle layer",297,30,"0","Total","0","2011 rural-urban classification",2000,0,"0","All categories: Occupancy rating bedrooms","UDF@3a@OCCRATBROOM@3a@@20@Occupancy@20@rating@20@@28@bedrooms@29@_@23@@23@va@2e@rcd@2e@rpt@2e@OCCRATBROOM@5f@T006A@2e@RBnNt0pl","Occupancy Rating",1000000,0,"20100","Value",3357,"A","Normal Value","F","Free (free for publication)","Nm-544d1d32176e1d1245708950d0d0d20100",180,216
"2011","2011","2011","date",0,0,"E02000685","Lewisham 033","E02000685","2011 super output areas - middle layer",297,30,"0","Total","0","2011 rural-urban classification",2000,0,"1","Occupancy rating (bedrooms) of +2 or more","UDF@3a@OCCRATBROOM@3a@@20@Occupancy@20@rating@20@@28@bedrooms@29@_Occupancy@20@rating@20@@28@bedrooms@29@@20@of@20@@2b@2@20@or@20@more","Occupancy Rating",1000000,1,"20100","Value",594,"A","Normal Value","F","Free (free for publication)","Nm-544d1d32176e1d1245708950d0d1d20100",181,216
"2011","2011","2011","date",0,0,"E02000685","Lewisham 033","E02000685","2011 super output areas - middle layer",297,30,"0","Total","0","2011 rural-urban classification",2000,0,"2","Occupancy rating (bedrooms) of +1","UDF@3a@OCCRATBROOM@3a@@20@Occupancy@20@rating@20@@28@bedrooms@29@_Occupancy@20@rating@20@@28@bedrooms@29@@20@of@20@@2b@1","Occupancy Rating",1000000,2,"20100","Value",979,"A","Normal Value","F","Free (free for publication)","Nm-544d1d32176e1d1245708950d0d2d20100",182,216
"2011","2011","2011","date",0,0,"E02000685","Lewisham 033","E02000685","2011 super output areas - middle layer",297,30,"0","Total","0","2011 rural-urban classification",2000,0,"3","Occupancy rating (bedrooms) of 0","UDF@3a@OCCRATBROOM@3a@@20@Occupancy@20@rating@20@@28@bedrooms@29@_Occupancy@20@rating@20@@28@bedrooms@29@@20@of@20@0","Occupancy Rating",1000000,3,"20100","Value",1445,"A","Normal Value","F","Free (free for publication)","Nm-544d1d32176e1d1245708950d0d3d20100",183,216
"2011","2011","2011","date",0,0,"E02000685","Lewisham 033","E02000685","2011 super output areas - middle layer",297,30,"0","Total","0","2011 rural-urban classification",2000,0,"4","Occupancy rating (bedrooms) of -1","UDF@3a@OCCRATBROOM@3a@@20@Occupancy@20@rating@20@@28@bedrooms@29@_Occupancy@20@rating@20@@28@bedrooms@29@@20@of@20@-1","Occupancy Rating",1000000,4,"20100","Value",294,"A","Normal Value","F","Free (free for publication)","Nm-544d1d32176e1d1245708950d0d4d20100",184,216
"2011","2011","2011","date",0,0,"E02000685","Lewisham 033","E02000685","2011 super output areas - middle layer",297,30,"0","Total","0","2011 rural-urban classification",2000,0,"5","Occupancy rating (bedrooms) of -2 or less","UDF@3a@OCCRATBROOM@3a@@20@Occupancy@20@rating@20@@28@bedrooms@29@_Occupancy@20@rating@20@@28@bedrooms@29@@20@of@20@-2@20@or@20@less","Occupancy Rating",1000000,5,"20100","Value",45,"A","Normal Value","F","Free (free for publication)","Nm-544d1d32176e1d1245708950d0d5d20100",185,216
"2011","2011","2011","date",0,0,"E02000686","Lewisham 034","E02000686","2011 super output areas - middle layer",297,31,"0","Total","0","2011 rural-urban classification",2000,0,"0","All categories: Occupancy rating bedrooms","UDF@3a@OCCRATBROOM@3a@@20@Occupancy@20@rating@20@@28@bedrooms@29@_@23@@23@va@2e@rcd@2e@rpt@2e@OCCRATBROOM@5f@T006A@2e@RBnNt0pl","Occupancy Rating",1000000,0,"20100","Value",2839,"A","Normal Value","F","Free (free for publication)","Nm-544d1d32176e1d1245708951d0d0d20100",186,216
"2011","2011","2011","date",0,0,"E02000686","Lewisham 034","E02000686","2011 super output areas - middle layer",297,31,"0","Total","0","2011 rural-urban classification",2000,0,"1","Occupancy rating (bedrooms) of +2 or more","UDF@3a@OCCRATBROOM@3a@@20@Occupancy@20@rating@20@@28@bedrooms@29@_Occupancy@20@rating@20@@28@bedrooms@29@@20@of@20@@2b@2@20@or@20@more","Occupancy Rating",1000000,1,"20100","Value",311,"A","Normal Value","F","Free (free for publication)","Nm-544d1d32176e1d1245708951d0d1d20100",187,216
"2011","2011","2011","date",0,0,"E02000686","Lewisham 034","E02000686","2011 super output areas - middle layer",297,31,"0","Total","0","2011 rural-urban classification",2000,0,"2","Occupancy rating (bedrooms) of +1","UDF@3a@OCCRATBROOM@3a@@20@Occupancy@20@rating@20@@28@bedrooms@29@_Occupancy@20@rating@20@@28@bedrooms@29@@20@of@20@@2b@1","Occupancy Rating",1000000,2,"20100","Value",832,"A","Normal Value","F","Free (free for publication)","Nm-544d1d32176e1d1245708951d0d2d20100",188,216
"2011","2011","2011","date",0,0,"E02000686","Lewisham 034","E02000686","2011 super output areas - middle layer",297,31,"0","Total","0","2011 rural-urban classification",2000,0,"3","Occupancy rating (bedrooms) of 0","UDF@3a@OCCRATBROOM@3a@@20@Occupancy@20@rating@20@@28@bedrooms@29@_Occupancy@20@rating@20@@28@bedrooms@29@@20@of@20@0","Occupancy Rating",1000000,3,"20100","Value",1290,"A","Normal Value","F","Free (free for publication)","Nm-544d1d32176e1d1245708951d0d3d20100",189,216
"2011","2011","2011","date",0,0,"E02000686","Lewisham 034","E02000686","2011 super output areas - middle layer",297,31,"0","Total","0","2011 rural-urban classification",2000,0,"4","Occupancy rating (bedrooms) of -1","UDF@3a@OCCRATBROOM@3a@@20@Occupancy@20@rating@20@@28@bedrooms@29@_Occupancy@20@rating@20@@28@bedrooms@29@@20@of@20@-1","Occupancy Rating",1000000,4,"20100","Value",348,"A","Normal Value","F","Free (free for publication)","Nm-544d1d32176e1d1245708951d0d4d20100",190,216
"2011","2011","2011","date",0,0,"E02000686","Lewisham 034","E02000686","2011 super output areas - middle layer",297,31,"0","Total","0","2011 rural-urban classification",2000,0,"5","Occupancy rating (bedrooms) of -2 or less","UDF@3a@OCCRATBROOM@3a@@20@Occupancy@20@rating@20@@28@bedrooms@29@_Occupancy@20@rating@20@@28@bedrooms@29@@20@of@20@-2@20@or@20@less","Occupancy Rating",1000000,5,"20100","Value",58,"A","Normal Value","F","Free (free for publication)","Nm-544d1d32176e1d1245708951d0d5d20100",191,216
"2011","2011","2011","date",0,0,"E02000687","Lewisham 035","E02000687","2011 super output areas - middle layer",297,32,"0","Total","0","2011 rural-urban classification",2000,0,"0","All categories: Occupancy rating bedrooms","UDF@3a@OCCRATBROOM@3a@@20@Occupancy@20@rating@20@@28@bedrooms@29@_@23@@23@va@2e@rcd@2e@rpt@2e@OCCRATBROOM@5f@T006A@2e@RBnNt0pl","Occupancy Rating",1000000,0,"20100","Value",3436,"A","Normal Value","F","Free (free for publication)","Nm-544d1d32176e1d1245708952d0d0d20100",192,216
"2011","2011","2011","date",0,0,"E02000687","Lewisham 035","E02000687","2011 super output areas - middle layer",297,32,"0","Total","0","2011 rural-urban classification",2000,0,"1","Occupancy rating (bedrooms) of +2 or more","UDF@3a@OCCRATBROOM@3a@@20@Occupancy@20@rating@20@@28@bedrooms@29@_Occupancy@20@rating@20@@28@bedrooms@29@@20@of@20@@2b@2@20@or@20@more","Occupancy Rating",1000000,1,"20100","Value",665,"A","Normal Value","F","Free (free for publication)","Nm-544d1d32176e1d1245708952d0d1d20100",193,216
"2011","2011","2011","date",0,0,"E02000687","Lewisham 035","E02000687","2011 super output areas - middle layer",297,32,"0","Total","0","2011 rural-urban classification",2000,0,"2","Occupancy rating (bedrooms) of +1","UDF@3a@OCCRATBROOM@3a@@20@Occupancy@20@rating@20@@28@bedrooms@29@_Occupancy@20@rating@20@@28@bedrooms@29@@20@of@20@@2b@1","Occupancy Rating",1000000,2,"20100","Value",1009,"A","Normal Value","F","Free (free for publication)","Nm-544d1d32176e1d1245708952d0d2d20100",194,216
"2011","2011","2011","date",0,0,"E02000687","Lewisham 035","E02000687","2011 super output areas - middle layer",297,32,"0","Total","0","2011 rural-urban classification",2000,0,"3","Occupancy rating (bedrooms) of 0","UDF@3a@OCCRATBROOM@3a@@20@Occupancy@20@rating@20@@28@bedrooms@29@_Occupancy@20@rating@20@@28@bedrooms@29@@20@of@20@0","Occupancy Rating",1000000,3,"20100","Value",1411,"A","Normal Value","F","Free (free for publication)","Nm-544d1d32176e1d1245708952d0d3d20100",195,216
"2011","2011","2011","date",0,0,"E02000687","Lewisham 035","E02000687","2011 super output areas - middle layer",297,32,"0","Total","0","2011 rural-urban classification",2000,0,"4","Occupancy rating (bedrooms) of -1","UDF@3a@OCCRATBROOM@3a@@20@Occupancy@20@rating@20@@28@bedrooms@29@_Occupancy@20@rating@20@@28@bedrooms@29@@20@of@20@-1","Occupancy Rating",1000000,4,"20100","Value",267,"A","Normal Value","F","Free (free for publication)","Nm-544d1d32176e1d1245708952d0d4d20100",196,216
"2011","2011","2011","date",0,0,"E02000687","Lewisham 035","E02000687","2011 super output areas - middle layer",297,32,"0","Total","0","2011 rural-urban classification",2000,0,"5","Occupancy rating (bedrooms) of -2 or less","UDF@3a@OCCRATBROOM@3a@@20@Occupancy@20@rating@20@@28@bedrooms@29@_Occupancy@20@rating@20@@28@bedrooms@29@@20@of@20@-2@20@or@20@less","Occupancy Rating",1000000,5,"20100","Value",84,"A","Normal Value","F","Free (free for publication)","Nm-544d1d32176e1d1245708952d0d5d20100",197,216
"2011","2011","2011","date",0,0,"E02006783","Lewisham 037","E02006783","2011 super output areas - middle layer",297,33,"0","Total","0","2011 rural-urban classification",2000,0,"0","All categories: Occupancy rating bedrooms","UDF@3a@OCCRATBROOM@3a@@20@Occupancy@20@rating@20@@28@bedrooms@29@_@23@@23@va@2e@rcd@2e@rpt@2e@OCCRATBROOM@5f@T006A@2e@RBnNt0pl","Occupancy Rating",1000000,0,"20100","Value",2893,"A","Normal Value","F","Free (free for publication)","Nm-544d1d32176e1d1245714930d0d0d20100",198,216
"2011","2011","2011","date",0,0,"E02006783","Lewisham 037","E02006783","2011 super output areas - middle layer",297,33,"0","Total","0","2011 rural-urban classification",2000,0,"1","Occupancy rating (bedrooms) of +2 or more","UDF@3a@OCCRATBROOM@3a@@20@Occupancy@20@rating@20@@28@bedrooms@29@_Occupancy@20@rating@20@@28@bedrooms@29@@20@of@20@@2b@2@20@or@20@more","Occupancy Rating",1000000,1,"20100","Value",371,"A","Normal Value","F","Free (free for publication)","Nm-544d1d32176e1d1245714930d0d1d20100",199,216
"2011","2011","2011","date",0,0,"E02006783","Lewisham 037","E02006783","2011 super output areas - middle layer",297,33,"0","Total","0","2011 rural-urban classification",2000,0,"2","Occupancy rating (bedrooms) of +1","UDF@3a@OCCRATBROOM@3a@@20@Occupancy@20@rating@20@@28@bedrooms@29@_Occupancy@20@rating@20@@28@bedrooms@29@@20@of@20@@2b@1","Occupancy Rating",1000000,2,"20100","Value",1006,"A","Normal Value","F","Free (free for publication)","Nm-544d1d32176e1d1245714930d0d2d20100",200,216
"2011","2011","2011","date",0,0,"E02006783","Lewisham 037","E02006783","2011 super output areas - middle layer",297,33,"0","Total","0","2011 rural-urban classification",2000,0,"3","Occupancy rating (bedrooms) of 0","UDF@3a@OCCRATBROOM@3a@@20@Occupancy@20@rating@20@@28@bedrooms@29@_Occupancy@20@rating@20@@28@bedrooms@29@@20@of@20@0","Occupancy Rating",1000000,3,"20100","Value",1154,"A","Normal Value","F","Free (free for publication)","Nm-544d1d32176e1d1245714930d0d3d20100",201,216
"2011","2011","2011","date",0,0,"E02006783","Lewisham 037","E02006783","2011 super output areas - middle layer",297,33,"0","Total","0","2011 rural-urban classification",2000,0,"4","Occupancy rating (bedrooms) of -1","UDF@3a@OCCRATBROOM@3a@@20@Occupancy@20@rating@20@@28@bedrooms@29@_Occupancy@20@rating@20@@28@bedrooms@29@@20@of@20@-1","Occupancy Rating",1000000,4,"20100","Value",324,"A","Normal Value","F","Free (free for publication)","Nm-544d1d32176e1d1245714930d0d4d20100",202,216
"2011","2011","2011","date",0,0,"E02006783","Lewisham 037","E02006783","2011 super output areas - middle layer",297,33,"0","Total","0","2011 rural-urban classification",2000,0,"5","Occupancy rating (bedrooms) of -2 or less","UDF@3a@OCCRATBROOM@3a@@20@Occupancy@20@rating@20@@28@bedrooms@29@_Occupancy@20@rating@20@@28@bedrooms@29@@20@of@20@-2@20@or@20@less","Occupancy Rating",1000000,5,"20100","Value",38,"A","Normal Value","F","Free (free for publication)","Nm-544d1d32176e1d1245714930d0d5d20100",203,216
"2011","2011","2011","date",0,0,"E02006784","Lewisham 038","E02006784","2011 super output areas - middle layer",297,34,"0","Total","0","2011 rural-urban classification",2000,0,"0","All categories: Occupancy rating bedrooms","UDF@3a@OCCRATBROOM@3a@@20@Occupancy@20@rating@20@@28@bedrooms@29@_@23@@23@va@2e@rcd@2e@rpt@2e@OCCRATBROOM@5f@T006A@2e@RBnNt0pl","Occupancy Rating",1000000,0,"20100","Value",3168,"A","Normal Value","F","Free (free for publication)","Nm-544d1d32176e1d1245714931d0d0d20100",204,216
"2011","2011","2011","date",0,0,"E02006784","Lewisham 038","E02006784","2011 super output areas - middle layer",297,34,"0","Total","0","2011 rural-urban classification",2000,0,"1","Occupancy rating (bedrooms) of +2 or more","UDF@3a@OCCRATBROOM@3a@@20@Occupancy@20@rating@20@@28@bedrooms@29@_Occupancy@20@rating@20@@28@bedrooms@29@@20@of@20@@2b@2@20@or@20@more","Occupancy Rating",1000000,1,"20100","Value",635,"A","Normal Value","F","Free (free for publication)","Nm-544d1d32176e1d1245714931d0d1d20100",205,216
"2011","2011","2011","date",0,0,"E02006784","Lewisham 038","E02006784","2011 super output areas - middle layer",297,34,"0","Total","0","2011 rural-urban classification",2000,0,"2","Occupancy rating (bedrooms) of +1","UDF@3a@OCCRATBROOM@3a@@20@Occupancy@20@rating@20@@28@bedrooms@29@_Occupancy@20@rating@20@@28@bedrooms@29@@20@of@20@@2b@1","Occupancy Rating",1000000,2,"20100","Value",912,"A","Normal Value","F","Free (free for publication)","Nm-544d1d32176e1d1245714931d0d2d20100",206,216
"2011","2011","2011","date",0,0,"E02006784","Lewisham 038","E02006784","2011 super output areas - middle layer",297,34,"0","Total","0","2011 rural-urban classification",2000,0,"3","Occupancy rating (bedrooms) of 0","UDF@3a@OCCRATBROOM@3a@@20@Occupancy@20@rating@20@@28@bedrooms@29@_Occupancy@20@rating@20@@28@bedrooms@29@@20@of@20@0","Occupancy Rating",1000000,3,"20100","Value",1309,"A","Normal Value","F","Free (free for publication)","Nm-544d1d32176e1d1245714931d0d3d20100",207,216
"2011","2011","2011","date",0,0,"E02006784","Lewisham 038","E02006784","2011 super output areas - middle layer",297,34,"0","Total","0","2011 rural-urban classification",2000,0,"4","Occupancy rating (bedrooms) of -1","UDF@3a@OCCRATBROOM@3a@@20@Occupancy@20@rating@20@@28@bedrooms@29@_Occupancy@20@rating@20@@28@bedrooms@29@@20@of@20@-1","Occupancy Rating",1000000,4,"20100","Value",275,"A","Normal Value","F","Free (free for publication)","Nm-544d1d32176e1d1245714931d0d4d20100",208,216
"2011","2011","2011","date",0,0,"E02006784","Lewisham 038","E02006784","2011 super output areas - middle layer",297,34,"0","Total","0","2011 rural-urban classification",2000,0,"5","Occupancy rating (bedrooms) of -2 or less","UDF@3a@OCCRATBROOM@3a@@20@Occupancy@20@rating@20@@28@bedrooms@29@_Occupancy@20@rating@20@@28@bedrooms@29@@20@of@20@-2@20@or@20@less","Occupancy Rating",1000000,5,"20100","Value",37,"A","Normal Value","F","Free (free for publication)","Nm-544d1d32176e1d1245714931d0d5d20100",209,216
"2011","2011","2011","date",0,0,"E02006798","Lewisham 039","E02006798","2011 super output areas - middle layer",297,35,"0","Total","0","2011 rural-urban classification",2000,0,"0","All categories: Occupancy rating bedrooms","UDF@3a@OCCRATBROOM@3a@@20@Occupancy@20@rating@20@@28@bedrooms@29@_@23@@23@va@2e@rcd@2e@rpt@2e@OCCRATBROOM@5f@T006A@2e@RBnNt0pl","Occupancy Rating",1000000,0,"20100","Value",3210,"A","Normal Value","F","Free (free for publication)","Nm-544d1d32176e1d1245714944d0d0d20100",210,216
"2011","2011","2011","date",0,0,"E02006798","Lewisham 039","E02006798","2011 super output areas - middle layer",297,35,"0","Total","0","2011 rural-urban classification",2000,0,"1","Occupancy rating (bedrooms) of +2 or more","UDF@3a@OCCRATBROOM@3a@@20@Occupancy@20@rating@20@@28@bedrooms@29@_Occupancy@20@rating@20@@28@bedrooms@29@@20@of@20@@2b@2@20@or@20@more","Occupancy Rating",1000000,1,"20100","Value",301,"A","Normal Value","F","Free (free for publication)","Nm-544d1d32176e1d1245714944d0d1d20100",211,216
"2011","2011","2011","date",0,0,"E02006798","Lewisham 039","E02006798","2011 super output areas - middle layer",297,35,"0","Total","0","2011 rural-urban classification",2000,0,"2","Occupancy rating (bedrooms) of +1","UDF@3a@OCCRATBROOM@3a@@20@Occupancy@20@rating@20@@28@bedrooms@29@_Occupancy@20@rating@20@@28@bedrooms@29@@20@of@20@@2b@1","Occupancy Rating",1000000,2,"20100","Value",719,"A","Normal Value","F","Free (free for publication)","Nm-544d1d32176e1d1245714944d0d2d20100",212,216
"2011","2011","2011","date",0,0,"E02006798","Lewisham 039","E02006798","2011 super output areas - middle layer",297,35,"0","Total","0","2011 rural-urban classification",2000,0,"3","Occupancy rating (bedrooms) of 0","UDF@3a@OCCRATBROOM@3a@@20@Occupancy@20@rating@20@@28@bedrooms@29@_Occupancy@20@rating@20@@28@bedrooms@29@@20@of@20@0","Occupancy Rating",1000000,3,"20100","Value",1645,"A","Normal Value","F","Free (free for publication)","Nm-544d1d32176e1d1245714944d0d3d20100",213,216
"2011","2011","2011","date",0,0,"E02006798","Lewisham 039","E02006798","2011 super output areas - middle layer",297,35,"0","Total","0","2011 rural-urban classification",2000,0,"4","Occupancy rating (bedrooms) of -1","UDF@3a@OCCRATBROOM@3a@@20@Occupancy@20@rating@20@@28@bedrooms@29@_Occupancy@20@rating@20@@28@bedrooms@29@@20@of@20@-1","Occupancy Rating",1000000,4,"20100","Value",431,"A","Normal Value","F","Free (free for publication)","Nm-544d1d32176e1d1245714944d0d4d20100",214,216
"2011","2011","2011","date",0,0,"E02006798","Lewisham 039","E02006798","2011 super output areas - middle layer",297,35,"0","Total","0","2011 rural-urban classification",2000,0,"5","Occupancy rating (bedrooms) of -2 or less","UDF@3a@OCCRATBROOM@3a@@20@Occupancy@20@rating@20@@28@bedrooms@29@_Occupancy@20@rating@20@@28@bedrooms@29@@20@of@20@-2@20@or@20@less","Occupancy Rating",1000000,5,"20100","Value",114,"A","Normal Value","F","Free (free for publication)","Nm-544d1d32176e1d1245714944d0d5d20100",215,216
